,beta,bias,gamma,kappa
0,0.6912529468536377,0.5757982730865479,4.07452392578125,0.14090190827846527
1,0.535619854927063,0.5509570240974426,4.137271404266357,0.09762905538082123
2,0.3369954824447632,0.6323888301849365,3.724687337875366,0.19025859236717224
3,0.6585714221000671,0.520211398601532,4.271452903747559,-0.019459381699562073
4,0.6564012765884399,0.5094428658485413,4.05796480178833,-0.009575225412845612
5,0.7821685075759888,0.49156904220581055,4.071671485900879,0.07602855563163757
6,0.8237302303314209,0.5299111604690552,4.399183750152588,0.02907489240169525
7,0.6795229315757751,0.5545285940170288,4.537945747375488,0.1202300488948822
8,0.8810445070266724,0.4616287350654602,4.222916126251221,0.22436626255512238
9,0.6527590155601501,0.5242423415184021,4.017796993255615,0.153707355260849
10,0.4133452773094177,0.5595746040344238,4.089478969573975,0.09629745781421661
11,0.6932162642478943,0.5006507039070129,4.178836822509766,0.14980709552764893
12,0.630736768245697,0.5835152268409729,4.027796745300293,0.20358654856681824
13,0.46630871295928955,0.6317417621612549,3.696059465408325,0.10363959521055222
14,0.4947396218776703,0.5506471395492554,4.370479583740234,-0.002875708043575287
15,0.7067877054214478,0.532878577709198,4.024796962738037,0.019467443227767944
16,0.4309161901473999,0.6052260398864746,4.263492584228516,0.1412484049797058
17,0.5711610913276672,0.5356721878051758,4.067309379577637,0.15895384550094604
18,0.5798525810241699,0.5818147659301758,4.222579002380371,0.04041112959384918
19,0.7062770128250122,0.47707974910736084,4.200795650482178,0.1894828975200653
20,0.4014502167701721,0.6020699143409729,3.8522472381591797,0.09862764179706573
21,0.39931994676589966,0.5679037570953369,4.130410671234131,0.17822694778442383
22,0.4622460603713989,0.5523103475570679,4.052049160003662,0.09364564716815948
23,0.7559774518013,0.4697965383529663,4.081800937652588,-0.0033828318119049072
24,0.7628912329673767,0.5566673874855042,4.358017921447754,0.018116280436515808
25,0.4000135362148285,0.5975411534309387,4.013296604156494,0.05476239323616028
26,0.5574902296066284,0.587383508682251,3.963961601257324,0.11797571927309036
27,0.4908410906791687,0.5554426312446594,4.149606227874756,0.0962957963347435
28,0.6516815423965454,0.5326134562492371,3.9152352809906006,0.12865830957889557
29,0.5833151340484619,0.5109444856643677,4.143686771392822,0.04498492181301117
30,0.557013750076294,0.6092743277549744,3.6807382106781006,0.12465740740299225
31,0.6077325940132141,0.5850021243095398,4.479584217071533,-0.018490202724933624
32,0.6250259280204773,0.5423384308815002,4.008092880249023,0.1673283576965332
33,0.3587115705013275,0.6384783983230591,4.201395511627197,0.11306039988994598
34,0.4635412096977234,0.5591012239456177,4.3099775314331055,-0.02662782371044159
35,0.5137066841125488,0.5371221899986267,4.029542922973633,0.09566399455070496
36,0.5775129795074463,0.5462357401847839,4.128812789916992,-0.03914150595664978
37,0.4733474850654602,0.6067681312561035,4.055205821990967,0.045868150889873505
38,0.5528601408004761,0.5424511432647705,4.125814437866211,0.09801795333623886
39,0.7307911515235901,0.5190672874450684,4.149062633514404,0.16992473602294922
40,0.6267828941345215,0.49529001116752625,4.271324157714844,0.18281280994415283
41,0.4599573612213135,0.6243652701377869,4.02239990234375,-0.005378708243370056
42,0.5925122499465942,0.5999317765235901,4.611624717712402,-0.051927149295806885
43,0.7151073217391968,0.503257155418396,4.056938171386719,0.1745600700378418
44,0.5558580160140991,0.5833172798156738,4.152276039123535,0.065660260617733
45,0.4577906131744385,0.554835855960846,4.052577972412109,0.03769230097532272
46,0.643349289894104,0.5205330848693848,4.1681437492370605,0.15876097977161407
47,0.4663688540458679,0.5498969554901123,3.866638660430908,0.11583757400512695
48,0.6598231196403503,0.48372530937194824,3.944963216781616,0.22387182712554932
49,0.379354864358902,0.6464560031890869,4.009979724884033,0.20796923339366913
50,0.514703094959259,0.5268036127090454,4.358268737792969,0.07029764354228973
51,0.9104098081588745,0.428861141204834,4.193467140197754,0.10759253799915314
52,0.8376747369766235,0.5195882320404053,4.119909763336182,0.10130024701356888
53,0.5651963353157043,0.5754117965698242,4.276007175445557,0.07469242811203003
54,0.7135035991668701,0.5541173815727234,4.37614631652832,0.010035857558250427
55,0.5070706605911255,0.572784423828125,3.9918553829193115,0.13896122574806213
56,0.7138478755950928,0.510361909866333,4.18223237991333,0.203865185379982
57,0.7838530540466309,0.4964417517185211,4.11678409576416,0.11105344444513321
58,0.47511184215545654,0.6012281775474548,3.82723331451416,0.13896217942237854
59,0.901229977607727,0.4631044566631317,4.068068027496338,0.10399362444877625
60,0.2276393175125122,0.6897772550582886,3.8643455505371094,0.057745352387428284
61,0.5103387832641602,0.5287908911705017,4.117480754852295,0.15890270471572876
62,0.7308906316757202,0.4653063416481018,4.391732215881348,0.09502589702606201
63,0.5292852520942688,0.5168348550796509,3.8367135524749756,0.21992658078670502
64,0.6693625450134277,0.5610758066177368,4.0214056968688965,0.1772053986787796
65,0.892899751663208,0.4596773087978363,4.503699779510498,0.17376817762851715
66,0.5253838300704956,0.5913118720054626,3.925236701965332,0.262382447719574
67,0.4758192300796509,0.5782877802848816,4.140986919403076,0.1131555363535881
68,0.5203298330307007,0.6049920916557312,3.9681766033172607,0.049335673451423645
69,0.6160826086997986,0.490497350692749,3.9686062335968018,0.09941577166318893
70,0.8016431927680969,0.5020921230316162,3.8606009483337402,0.1227492168545723
71,0.6231255531311035,0.5193465948104858,4.007667541503906,0.07664614915847778
72,0.3792836666107178,0.624561071395874,3.716062068939209,0.04689668491482735
73,0.7371839284896851,0.5492821335792542,4.27105712890625,0.07037606835365295
74,0.3775116801261902,0.6080891489982605,4.081279754638672,-0.03271746635437012
75,0.8462685346603394,0.47867050766944885,4.22448205947876,0.14302118122577667
76,0.5575776696205139,0.5571193695068359,4.41025447845459,0.09869859367609024
77,0.6022931933403015,0.5658127665519714,3.882301092147827,0.07822644710540771
78,0.5959017276763916,0.5056055784225464,4.107336044311523,0.212842658162117
79,0.7739453315734863,0.5741257071495056,4.051759243011475,0.07050466537475586
80,0.7116732597351074,0.4427970051765442,4.287612438201904,0.12700255215168
81,0.8811171650886536,0.5095155239105225,4.294398784637451,0.2725132703781128
82,0.6519487500190735,0.5703373551368713,4.123223304748535,0.09398005902767181
83,0.6377752423286438,0.5240411162376404,4.05689001083374,0.061482105404138565
84,0.42625540494918823,0.5639958381652832,4.057566165924072,0.11047843843698502
85,0.5557894706726074,0.5927849411964417,3.962158679962158,0.058620091527700424
86,0.705548882484436,0.4826620817184448,4.030604839324951,0.15932506322860718
87,0.4797099828720093,0.5462942719459534,4.104373931884766,0.043170150369405746
88,0.7096688151359558,0.49905192852020264,4.064635276794434,0.12562067806720734
89,0.72117680311203,0.5591995716094971,4.585537910461426,0.07554817944765091
90,1.0307068824768066,0.46367862820625305,4.363733291625977,0.0707039088010788
91,0.5698832273483276,0.5567764639854431,3.841007709503174,0.06301360577344894
92,0.8614357709884644,0.5060715675354004,4.026426315307617,0.22101560235023499
93,0.8898922204971313,0.4900614321231842,4.318129539489746,0.07635872066020966
94,0.6825891733169556,0.5076087117195129,4.240959167480469,0.1252157986164093
95,0.6512871980667114,0.5161214470863342,4.072513580322266,0.18369269371032715
96,0.6943511962890625,0.5063238143920898,4.055191516876221,0.24659469723701477
97,0.5848081707954407,0.5303738713264465,4.440861225128174,-0.028844863176345825
98,0.5843760967254639,0.5087199211120605,3.985889434814453,0.17097623646259308
99,0.5695942640304565,0.5108274817466736,4.271788120269775,0.03283827006816864
100,0.27930617332458496,0.6719667315483093,4.201208591461182,-0.006154954433441162
101,0.7113442420959473,0.5298078656196594,4.211482048034668,0.1487564593553543
102,0.5632708668708801,0.591435968875885,4.078747272491455,0.01679760217666626
103,0.7158983945846558,0.561083197593689,4.09934663772583,0.04068756103515625
104,0.47179609537124634,0.6206214427947998,4.015592098236084,-0.02754443883895874
105,0.5159375071525574,0.5656203031539917,4.284876823425293,0.1305074691772461
106,0.3953266739845276,0.5478537082672119,4.054887771606445,0.1441400647163391
107,0.5920749306678772,0.6192439794540405,4.0654072761535645,0.2936917543411255
108,0.5403751730918884,0.5086796879768372,4.493743419647217,0.12535879015922546
109,0.3880394399166107,0.5082242488861084,3.725705862045288,0.1734769642353058
110,0.3700089454650879,0.558456301689148,3.8889927864074707,0.02207571268081665
111,0.6606781482696533,0.5109483599662781,4.028831958770752,0.05156112089753151
112,0.6997336149215698,0.5492002367973328,4.211775779724121,0.07970365881919861
113,0.5473313927650452,0.5550832152366638,4.122065544128418,0.19481083750724792
114,0.5579566359519958,0.5737941861152649,4.1700358390808105,0.028247952461242676
115,0.5542361736297607,0.5567706227302551,4.247640609741211,0.06826543807983398
116,0.5378258228302002,0.5462965369224548,3.923623561859131,0.19478446245193481
117,0.6155052185058594,0.5585881471633911,4.215497016906738,0.025345176458358765
118,0.4011334776878357,0.6016718745231628,4.2212677001953125,0.0351523831486702
119,0.7874304056167603,0.45313191413879395,4.268780708312988,0.009780988097190857
120,0.5414940714836121,0.5564566850662231,4.142560005187988,0.09055677056312561
121,0.518894374370575,0.582025408744812,4.279354572296143,-0.007350362837314606
122,0.7284853458404541,0.49801215529441833,3.813730239868164,0.14708629250526428
123,0.9338379502296448,0.4308528006076813,4.201201915740967,0.1325361430644989
124,0.5318837761878967,0.58214271068573,4.015829086303711,-0.03307311236858368
125,0.6812931299209595,0.5300493836402893,4.240206718444824,0.21032267808914185
126,0.3907434642314911,0.5810689926147461,3.947495222091675,0.006126053631305695
127,0.6078851819038391,0.4714691638946533,4.076101303100586,0.04636581242084503
128,0.4951231777667999,0.5139232873916626,4.116669178009033,0.0529625341296196
129,0.5397120118141174,0.5263537168502808,4.383454322814941,0.07520359754562378
130,0.5560828447341919,0.6476091742515564,4.176319122314453,-0.0039027780294418335
131,0.6497884392738342,0.47989457845687866,4.295017719268799,0.11022830009460449
132,0.8784856796264648,0.5312148928642273,4.047266960144043,0.01910289376974106
133,0.5544567704200745,0.5281144380569458,3.8765759468078613,0.21504570543766022
134,0.4472128748893738,0.5513826012611389,4.11787223815918,0.17269465327262878
135,0.7471697330474854,0.4408104717731476,4.218410968780518,0.14442433416843414
136,0.6769071817398071,0.5341229438781738,4.174941539764404,0.0295373797416687
137,0.6801174879074097,0.6026010513305664,4.111010551452637,0.05895063281059265
138,0.6788002252578735,0.5932567715644836,4.074372291564941,0.039085425436496735
139,0.7780055999755859,0.5140910148620605,4.075953006744385,0.11416357010602951
140,0.3664717674255371,0.6814990639686584,4.351847171783447,0.04108162969350815
141,0.7710689902305603,0.5233063101768494,4.06410551071167,0.16611695289611816
142,0.4794447720050812,0.6031622290611267,3.8197269439697266,0.04806866496801376
143,0.8466894626617432,0.5076398253440857,4.167575836181641,0.1779329925775528
144,0.5695518851280212,0.5181488990783691,4.05411958694458,0.06569546461105347
145,0.6029038429260254,0.5864379405975342,3.8457651138305664,0.17897289991378784
146,0.5721973180770874,0.53976970911026,4.0416951179504395,0.06097150966525078
147,0.6262608170509338,0.5594919919967651,3.9897754192352295,0.2251656949520111
148,0.759719729423523,0.47247573733329773,4.221482276916504,0.18282335996627808
149,0.3985558748245239,0.5625066161155701,3.8914871215820312,0.0318305641412735
150,0.601065456867218,0.4785043001174927,4.304473876953125,0.04621044918894768
151,0.5055005550384521,0.5248522162437439,4.235465049743652,0.10962731391191483
152,0.6238518953323364,0.5542250275611877,4.291811466217041,0.07587652653455734
153,0.643428385257721,0.4560479521751404,4.060221195220947,0.016234636306762695
154,0.4080323576927185,0.5713856220245361,3.7676219940185547,0.01962355524301529
155,0.7800318002700806,0.511266827583313,4.185324192047119,0.22661951184272766
156,0.5823419094085693,0.5416688323020935,3.7489981651306152,0.13907010853290558
157,0.6159668564796448,0.5654873847961426,4.484999656677246,0.05002683028578758
158,0.47403448820114136,0.5017563700675964,3.985050678253174,0.1562776267528534
159,0.5994670987129211,0.5642600655555725,4.44155216217041,0.14165498316287994
160,0.6108713746070862,0.5122758150100708,4.339939117431641,0.13347171247005463
161,0.5191121101379395,0.6311570405960083,4.29047155380249,0.032809771597385406
162,0.5380052328109741,0.5096539258956909,3.8399839401245117,0.1202961802482605
163,0.6083145141601562,0.5482367873191833,4.096806526184082,0.21258893609046936
164,0.49129238724708557,0.5587204098701477,4.22764778137207,0.014365404844284058
165,0.34391966462135315,0.6551477313041687,4.269142150878906,0.07911719381809235
166,0.4854707717895508,0.5767664313316345,4.220423221588135,0.004742071032524109
167,0.5937521457672119,0.5476801991462708,4.002018928527832,0.19762346148490906
168,0.3294050395488739,0.5888531804084778,3.9501185417175293,0.20868724584579468
169,0.7005699872970581,0.47692376375198364,4.3129777908325195,-0.03024125099182129
170,0.7067273259162903,0.49146533012390137,4.155247688293457,0.08792678266763687
171,0.5373722314834595,0.585390567779541,4.085115432739258,0.16548898816108704
172,0.531334638595581,0.5309542417526245,4.025468826293945,0.026018500328063965
173,0.3077447712421417,0.6338009238243103,4.286800861358643,0.010373257100582123
174,0.9555966258049011,0.46357637643814087,4.299091815948486,0.2393617331981659
175,0.49214839935302734,0.5767441391944885,4.369239330291748,-0.028794288635253906
176,0.5851022005081177,0.5794715881347656,4.339602947235107,0.16151827573776245
177,0.6758827567100525,0.5258840322494507,4.221285820007324,0.017395056784152985
178,0.6794493794441223,0.4896533489227295,4.274372577667236,0.20315758883953094
179,0.5900619626045227,0.5257984399795532,3.892667055130005,0.1298740655183792
180,0.4535970389842987,0.6302871704101562,4.158487796783447,0.03308551013469696
181,0.4596877098083496,0.5916818380355835,4.231235504150391,0.018826499581336975
182,0.2799120843410492,0.6343687176704407,3.8878066539764404,0.04356454312801361
183,0.7064234018325806,0.5371533632278442,4.158953666687012,0.198248952627182
184,0.397077351808548,0.5311827659606934,3.942681312561035,0.185365229845047
185,0.7147731184959412,0.5194573402404785,4.101705551147461,0.18082302808761597
186,0.5342893600463867,0.5248221755027771,4.164652347564697,0.1398148238658905
187,0.65561443567276,0.5373360514640808,4.403470516204834,0.1167667806148529
188,0.8586986064910889,0.4698566198348999,4.297122001647949,0.08111467957496643
189,0.5169076323509216,0.6178460717201233,4.102076053619385,0.02562227100133896
190,0.8604928255081177,0.4505627751350403,4.109541893005371,0.12489628791809082
191,0.5189887881278992,0.5779798030853271,4.352189064025879,-0.08085295557975769
192,0.5381094813346863,0.5304656028747559,4.008970260620117,0.10793349146842957
193,0.71125727891922,0.5115195512771606,4.115447521209717,0.11644593626260757
194,0.7614588737487793,0.4460884928703308,4.3150129318237305,0.1474887877702713
195,0.7103032469749451,0.530475914478302,3.769375801086426,0.13625547289848328
196,0.6954899430274963,0.49387839436531067,4.227211952209473,0.10336481779813766
197,0.7963129281997681,0.5049046874046326,4.166224479675293,0.05609491094946861
198,0.5628589391708374,0.5933879613876343,4.11268949508667,0.1298522800207138
199,0.6223024725914001,0.5459900498390198,4.106201171875,0.13291557133197784
200,0.7647808790206909,0.48037365078926086,4.144771099090576,0.13253888487815857
201,0.7056125402450562,0.5131021738052368,4.186929225921631,0.05657537281513214
202,0.5857114791870117,0.6091219782829285,4.331167697906494,0.11496530473232269
203,0.6515700817108154,0.5177865624427795,4.153356075286865,0.03517724573612213
204,0.44723087549209595,0.5828922986984253,4.1479082107543945,0.04007373005151749
205,0.7931222915649414,0.454341322183609,4.2098822593688965,0.09542300552129745
206,0.8236119747161865,0.5184277296066284,3.5037875175476074,0.1301904320716858
207,0.4904037415981293,0.6393406391143799,4.017663478851318,0.14456351101398468
208,0.4413911700248718,0.5811799168586731,3.830338478088379,0.2238982617855072
209,0.629562497138977,0.6102839112281799,4.314033031463623,0.12345856428146362
210,0.4904901385307312,0.5921233296394348,4.024861812591553,0.18528907001018524
211,0.6507575511932373,0.4956551492214203,3.81075382232666,0.15496742725372314
212,0.6079279184341431,0.5303127765655518,4.244237899780273,0.030724748969078064
213,0.7600415945053101,0.5129903554916382,4.324162006378174,0.1921423375606537
214,0.6231201887130737,0.5350592732429504,4.4023613929748535,-0.010015226900577545
215,0.8339817523956299,0.4568116068840027,4.369619846343994,0.14115405082702637
216,0.5838963985443115,0.5674923062324524,4.153146743774414,0.010506823658943176
217,0.8742059469223022,0.420163094997406,4.5507283210754395,0.19164738059043884
218,0.5283189415931702,0.5234853625297546,4.0121002197265625,0.209136500954628
219,0.2972199022769928,0.6339633464813232,4.413860321044922,0.1153222844004631
220,0.3735031485557556,0.6302374601364136,3.9891116619110107,0.0611969530582428
221,0.5343677997589111,0.6111942529678345,4.200315475463867,0.04850119352340698
222,0.6062769293785095,0.5204690098762512,4.0011820793151855,0.0573529489338398
223,0.6926748752593994,0.5278113484382629,3.993790864944458,0.1385023593902588
224,0.5519874095916748,0.5648119449615479,4.168026924133301,0.13434025645256042
225,0.7048985958099365,0.5350950360298157,4.239180564880371,0.027829766273498535
226,0.4494544267654419,0.5967499017715454,3.942110300064087,0.2578815519809723
227,0.5993983149528503,0.5461956262588501,4.494540214538574,0.13159780204296112
228,0.8680523633956909,0.4900740683078766,4.37874698638916,0.059129297733306885
229,0.48491960763931274,0.5671045780181885,4.287285804748535,-0.028622835874557495
230,0.5669346451759338,0.5838906168937683,3.846064329147339,0.20681780576705933
231,0.6012994050979614,0.5211427807807922,4.151459693908691,0.15575236082077026
232,0.7118328809738159,0.4782402217388153,4.24720573425293,0.09834867715835571
233,0.7987244725227356,0.4997745156288147,4.335933208465576,0.017703622579574585
234,0.48599931597709656,0.5454699993133545,4.081329345703125,0.1434067338705063
235,0.6480526924133301,0.6224960088729858,3.9490528106689453,0.13048627972602844
236,0.6335217952728271,0.5065869092941284,4.099407196044922,-0.03966215252876282
237,0.5606409907341003,0.5857394933700562,4.075394153594971,0.01757422834634781
238,0.49312034249305725,0.5624834895133972,3.6274821758270264,0.07957857102155685
239,0.5711692571640015,0.5879659652709961,4.124072074890137,0.008840382099151611
240,0.4081065356731415,0.5902758240699768,4.340126037597656,0.15102802217006683
241,0.4834303557872772,0.5473765730857849,4.274280548095703,0.04168405756354332
242,0.6308544874191284,0.556782603263855,4.269739151000977,-0.03278553485870361
243,0.30938103795051575,0.627463161945343,4.14818000793457,0.09842430055141449
244,0.5490996241569519,0.5522359013557434,4.097187042236328,0.0022632628679275513
245,0.8092618584632874,0.4810281991958618,3.8252580165863037,0.17999759316444397
246,0.5709922313690186,0.5406951308250427,4.279970645904541,-0.00813543051481247
247,0.31238114833831787,0.5604270100593567,4.168981075286865,0.12308556586503983
248,0.38258206844329834,0.5705359578132629,4.1305155754089355,-0.020403355360031128
249,0.5224504470825195,0.5061955451965332,4.244254112243652,0.1391264796257019
250,0.588594913482666,0.5000235438346863,4.246533393859863,0.12732647359371185
251,0.5324779152870178,0.5581316947937012,3.9791929721832275,0.09449022263288498
252,0.4436694383621216,0.6177783012390137,4.011294364929199,0.11130890250205994
253,0.6072248816490173,0.5688496232032776,4.2145891189575195,0.19391100108623505
254,0.9160916805267334,0.4376046061515808,4.154231071472168,0.14776527881622314
255,0.5375597476959229,0.5766115188598633,4.068670749664307,0.043277472257614136
256,0.5243713855743408,0.5383965969085693,4.193004608154297,0.09119107574224472
257,0.8120109438896179,0.458942174911499,4.192931652069092,0.07248514890670776
258,0.5113556385040283,0.4945467710494995,3.962702989578247,0.10084627568721771
259,0.4522467851638794,0.587317943572998,3.8689117431640625,0.1903536170721054
260,0.7716845273971558,0.5099971294403076,3.9161908626556396,0.16385237872600555
261,0.9646239280700684,0.46410730481147766,4.038665294647217,0.06506584584712982
262,0.40788722038269043,0.647284984588623,4.103183269500732,0.11312475800514221
263,0.4488917589187622,0.5872523188591003,4.129908084869385,0.18598315119743347
264,0.528870165348053,0.5087966322898865,4.266990661621094,0.12264756858348846
265,0.5540221929550171,0.5159748196601868,3.7702600955963135,0.17088255286216736
266,0.6304485201835632,0.5672039985656738,3.7871944904327393,-0.08759017288684845
267,0.42193275690078735,0.525886058807373,4.294857978820801,0.13358882069587708
268,0.42791521549224854,0.5810333490371704,4.174369812011719,-0.011785261332988739
269,0.7486947178840637,0.48799416422843933,4.104419708251953,0.19907324016094208
270,0.7988282442092896,0.5724928379058838,4.058951377868652,0.039529845118522644
271,0.6268333792686462,0.6106711030006409,4.031574249267578,0.04916634410619736
272,0.5341619253158569,0.5850226879119873,4.391139030456543,-0.027322083711624146
273,0.5733943581581116,0.571595311164856,4.107859134674072,0.10880699008703232
274,0.7504541277885437,0.5072940587997437,3.9869790077209473,0.14536212384700775
275,0.617060124874115,0.5393279790878296,4.54441499710083,-0.10472738742828369
276,0.5220534801483154,0.5427406430244446,3.7509164810180664,0.14857380092144012
277,0.40780478715896606,0.6261849403381348,4.347641468048096,0.1176261380314827
278,0.6713040471076965,0.5250853300094604,4.243397235870361,0.02691042423248291
279,0.6479880809783936,0.564866304397583,3.8955183029174805,0.0028514117002487183
280,0.9762744903564453,0.4161137342453003,4.313884735107422,0.20963901281356812
281,0.5498195886611938,0.5694279670715332,4.383950710296631,0.05515670403838158
282,0.40887027978897095,0.5679841041564941,3.537874221801758,0.10089925676584244
283,0.5838395357131958,0.5754982233047485,4.180917739868164,0.08149859309196472
284,0.6152280569076538,0.5675770044326782,4.259298324584961,-0.008651450276374817
285,0.69029700756073,0.5587599277496338,4.058047294616699,0.207594633102417
286,0.604926586151123,0.4833579659461975,3.9521756172180176,0.14271284639835358
287,0.5354418754577637,0.5125676989555359,4.098802089691162,0.10639377683401108
288,0.6068134307861328,0.5686201453208923,4.117616176605225,0.14489707350730896
289,0.4491995573043823,0.5993732810020447,4.018425464630127,0.26275432109832764
290,0.49459466338157654,0.5763972997665405,4.139221668243408,-0.025404974818229675
291,0.6506447196006775,0.4826470613479614,4.2353291511535645,0.19961991906166077
292,0.42535102367401123,0.5771839022636414,3.8785364627838135,0.1388298124074936
293,0.39996272325515747,0.6043389439582825,4.096761226654053,-0.022510379552841187
294,0.8156387805938721,0.5244334936141968,4.422370433807373,0.012697376310825348
295,0.41999930143356323,0.6111037731170654,3.9524636268615723,0.0375395268201828
296,0.4482194781303406,0.5840538740158081,4.106251239776611,0.03408762812614441
297,0.6491285562515259,0.4739261269569397,4.0221991539001465,0.04195191711187363
298,0.47660285234451294,0.6032475233078003,4.058448791503906,0.1350201517343521
299,0.46189719438552856,0.6503052115440369,4.540799617767334,-0.03534296154975891
300,0.8212018013000488,0.4900157153606415,4.012354373931885,0.07725992798805237
301,0.6455957889556885,0.5046442747116089,4.155200958251953,-0.06009270250797272
302,0.5738195180892944,0.563098132610321,3.9526708126068115,0.27043208479881287
303,0.5659653544425964,0.5695177316665649,4.028954982757568,0.07159653306007385
304,0.7116448283195496,0.5151894092559814,4.375566482543945,-0.021900102496147156
305,0.5352334976196289,0.5174210071563721,4.23792839050293,0.13117650151252747
306,0.42231297492980957,0.5902884602546692,4.096704006195068,0.018504254519939423
307,0.43809300661087036,0.6122204065322876,4.168769359588623,0.16217997670173645
308,0.4050524830818176,0.6048697829246521,3.910201072692871,0.19881051778793335
309,0.7370157241821289,0.4745132327079773,4.037328720092773,0.12386474013328552
310,0.5301902294158936,0.5792747735977173,3.8567142486572266,0.2152078002691269
311,0.3378830850124359,0.5858352184295654,4.062069892883301,0.09913106262683868
312,0.6916453838348389,0.5100380182266235,4.258932113647461,0.05816976726055145
313,0.7072279453277588,0.5820344686508179,4.241967678070068,0.08429088443517685
314,0.7769222855567932,0.4714852571487427,4.245674133300781,0.09437994658946991
315,0.6294888854026794,0.5877934098243713,4.368664264678955,0.09382523596286774
316,0.47897830605506897,0.6329604387283325,4.233574390411377,-0.0035930946469306946
317,0.5548056364059448,0.4861100912094116,4.049984931945801,0.04540330171585083
318,0.5549950003623962,0.5045828819274902,4.216188907623291,0.13699303567409515
319,0.6365000009536743,0.5822427868843079,4.081069469451904,0.09592335671186447
320,0.4676951766014099,0.5633059740066528,4.241484642028809,0.06199480593204498
321,0.6223779320716858,0.5509392619132996,3.939462423324585,0.15497605502605438
322,0.5776413679122925,0.5538856983184814,4.241721153259277,0.0410102978348732
323,0.8011242747306824,0.4656124413013458,4.216384410858154,0.15289700031280518
324,0.5034326314926147,0.6224096417427063,3.9912383556365967,0.017272546887397766
325,0.5309863686561584,0.5850513577461243,4.247860431671143,-0.07519806921482086
326,0.6840935349464417,0.5181305408477783,4.317196846008301,0.12689444422721863
327,0.5272213220596313,0.5764191150665283,3.784573554992676,0.12490221858024597
328,0.8731006979942322,0.4809536039829254,4.298463821411133,0.16325150430202484
329,0.32763028144836426,0.670939564704895,3.847031593322754,-0.035205185413360596
330,0.5503152012825012,0.5875919461250305,4.2061567306518555,0.04595985263586044
331,0.790880024433136,0.4822656512260437,4.017599582672119,0.17744894325733185
332,0.6266931891441345,0.5159882307052612,4.31555700302124,0.02875613421201706
333,0.4551403522491455,0.5238360166549683,3.6536147594451904,0.2235286682844162
334,0.32653307914733887,0.589891791343689,4.467707633972168,0.02818489819765091
335,0.4246695041656494,0.6004481315612793,4.235003471374512,0.0177401602268219
336,0.49140384793281555,0.5674988627433777,4.113122940063477,0.0595552958548069
337,0.7041907906532288,0.5178829431533813,4.542464256286621,0.09427115321159363
338,0.8768557906150818,0.48441749811172485,3.730801820755005,0.1471467763185501
339,0.9201208353042603,0.4574754238128662,4.157222747802734,0.18220816552639008
340,0.660031259059906,0.5203698873519897,4.1781907081604,0.2283431440591812
341,0.36998480558395386,0.6142348647117615,4.149072647094727,0.01789294183254242
342,0.7372214794158936,0.48299551010131836,3.9667155742645264,0.04382787272334099
343,0.518003523349762,0.5205098986625671,4.146932125091553,0.038736388087272644
344,0.3616836667060852,0.5695088505744934,3.8998613357543945,0.15032915771007538
345,0.75092613697052,0.4770691394805908,3.9378256797790527,0.30602318048477173
346,0.5990074872970581,0.5398817658424377,4.063929080963135,0.21809613704681396
347,0.5067991018295288,0.5523927807807922,3.888650417327881,0.2420918047428131
348,0.46944862604141235,0.5686817169189453,3.979072093963623,0.09993837773799896
349,0.9178271293640137,0.5297016501426697,4.471874713897705,0.007039494812488556
350,0.4458373188972473,0.6106749773025513,4.126189708709717,-0.05535994470119476
351,0.4191333055496216,0.5771278738975525,4.1615095138549805,0.07013557851314545
352,0.549726665019989,0.5746699571609497,3.8788704872131348,0.10153817385435104
353,0.6744215488433838,0.5136127471923828,4.273330211639404,0.14951211214065552
354,0.563916027545929,0.5229544043540955,4.170792102813721,0.05291171744465828
355,0.6029959917068481,0.5019218921661377,4.121662139892578,0.09758923202753067
356,0.5410254001617432,0.547504723072052,4.092386245727539,0.07280321419239044
357,0.7356487512588501,0.5632196664810181,4.243785858154297,0.044361911714076996
358,0.8496161103248596,0.5661042332649231,4.131818771362305,0.12090770155191422
359,0.4613710045814514,0.5754877328872681,3.7417988777160645,0.19960275292396545
360,0.3891652524471283,0.5978600978851318,4.19281530380249,0.13566771149635315
361,0.594292402267456,0.5162394642829895,4.274069309234619,0.11644428968429565
362,0.5068387389183044,0.6284685134887695,3.889681577682495,0.026758641004562378
363,0.6159683465957642,0.5195049047470093,4.2917585372924805,0.1054217666387558
364,0.5936247706413269,0.5604060292243958,4.071500778198242,0.13161709904670715
365,0.5976917743682861,0.5416845679283142,3.950089931488037,0.07410292327404022
366,0.569441556930542,0.5276833772659302,3.9766387939453125,0.2466801404953003
367,0.7170613408088684,0.538669228553772,4.524897575378418,0.016807444393634796
368,0.4908103942871094,0.54558265209198,4.081624507904053,0.12448388338088989
369,0.5891324877738953,0.6163089871406555,4.058233261108398,0.05979468673467636
370,0.7221302390098572,0.5360877513885498,4.324975967407227,-0.12950485944747925
371,0.6700934171676636,0.5116438865661621,4.111870765686035,0.06713210046291351
372,0.6593881249427795,0.5632286667823792,4.198390007019043,-0.05795668065547943
373,0.4749354124069214,0.6712055206298828,4.1927666664123535,-0.004460513591766357
374,0.14378786087036133,0.683243989944458,3.910524845123291,0.05430714040994644
375,0.5699359178543091,0.5816280841827393,3.927039861679077,0.007171034812927246
376,0.6644261479377747,0.4861485958099365,4.154635906219482,0.299999862909317
377,0.5187211036682129,0.5092043876647949,4.255703926086426,0.07446981966495514
378,0.7485336661338806,0.479423463344574,4.049111366271973,0.15169264376163483
379,0.6054126620292664,0.5651638507843018,4.279514312744141,0.10215936601161957
380,0.6878546476364136,0.5759164690971375,4.444894790649414,0.06479217112064362
381,0.6746860146522522,0.5537280440330505,4.5996246337890625,-0.043798014521598816
382,0.6718451976776123,0.5667448043823242,4.367551803588867,-0.050103962421417236
383,0.5954989790916443,0.5238508582115173,4.293484210968018,0.21171435713768005
384,0.5889403223991394,0.5603547692298889,4.0409393310546875,0.024240925908088684
385,0.7973588109016418,0.504295825958252,4.08098030090332,0.016852781176567078
386,0.6821741461753845,0.521189272403717,4.08101749420166,0.15782099962234497
387,0.9507718086242676,0.470615029335022,4.253145694732666,0.2530257999897003
388,0.5098205208778381,0.5288004279136658,4.051938533782959,0.04313824325799942
389,0.5506250858306885,0.5566174387931824,4.2829084396362305,0.06558842957019806
390,0.6920871734619141,0.4737119674682617,3.8707852363586426,0.027159079909324646
391,0.5703026056289673,0.5879868865013123,4.105763912200928,0.10924467444419861
392,0.37217873334884644,0.54892498254776,4.301812648773193,-0.03300349414348602
393,0.8031432628631592,0.4726864695549011,4.192083358764648,0.12385351210832596
394,0.6683095693588257,0.5018523335456848,4.133557319641113,0.08963556587696075
395,0.4984465539455414,0.5780929923057556,4.051190376281738,0.11198359727859497
396,0.5694164633750916,0.5836584568023682,4.098161220550537,-0.10643914341926575
397,0.7586231231689453,0.5794147253036499,4.19175386428833,0.0658661425113678
398,0.8240010738372803,0.4768899977207184,4.3047404289245605,0.06459011882543564
399,0.39911210536956787,0.5430766940116882,3.971450090408325,0.0624893493950367
400,0.7958258390426636,0.5220091938972473,4.107468128204346,0.12071147561073303
401,0.7061899304389954,0.46879464387893677,4.142475605010986,0.05149403214454651
402,0.4399016499519348,0.5556631088256836,4.152310371398926,0.09611943364143372
403,0.5661886930465698,0.600993812084198,4.287148952484131,0.17668241262435913
404,0.6784701943397522,0.5020031929016113,4.164031028747559,0.1212758868932724
405,0.4779972434043884,0.5566327571868896,4.1292405128479,0.16139130294322968
406,0.5022067427635193,0.5618709325790405,4.1730475425720215,0.037186264991760254
407,0.6594154238700867,0.5687794089317322,3.980820894241333,0.13375301659107208
408,0.5565974712371826,0.4852648079395294,4.314937591552734,0.14231234788894653
409,0.38960546255111694,0.6049805283546448,3.823596954345703,0.14185667037963867
410,0.5507017374038696,0.6256611943244934,3.9822213649749756,0.058001354336738586
411,0.40201354026794434,0.5729606747627258,4.503044128417969,0.10387071967124939
412,0.45312198996543884,0.5670976638793945,4.225620269775391,0.24668031930923462
413,0.7533021569252014,0.5111453533172607,4.428039073944092,0.11254663020372391
414,0.4749017059803009,0.6256408095359802,3.8595731258392334,0.10725195705890656
415,0.3778199255466461,0.6019997596740723,3.8171329498291016,0.07339316606521606
416,0.5585196614265442,0.6275691390037537,4.253584861755371,0.1465817391872406
417,0.4642849266529083,0.6022423505783081,4.155070781707764,0.07631199061870575
418,0.6296818256378174,0.566164493560791,4.14988899230957,0.1838115006685257
419,0.8643943071365356,0.4814351201057434,4.1013503074646,0.0991012379527092
420,0.6918307542800903,0.5069378018379211,4.116744518280029,0.0757346823811531
421,0.6729046702384949,0.5204819440841675,4.181280612945557,0.10026966035366058
422,0.6388412714004517,0.5805440545082092,3.903653383255005,0.1987973153591156
423,0.6118276715278625,0.50367271900177,4.084945201873779,0.20767593383789062
424,0.3286741077899933,0.5764380693435669,3.801673650741577,0.13569298386573792
425,0.41590797901153564,0.5753656625747681,4.257165908813477,0.1039595976471901
426,0.588958740234375,0.5135650634765625,4.136861324310303,0.20158322155475616
427,0.7205698490142822,0.5050190687179565,4.1330180168151855,0.11314448714256287
428,0.5723860263824463,0.5257157683372498,4.193723201751709,0.05363374203443527
429,0.6428610682487488,0.5562741160392761,4.173262119293213,0.026121117174625397
430,0.49552905559539795,0.5534195303916931,4.461705684661865,0.12666979432106018
431,0.6966918110847473,0.4806573987007141,4.090196132659912,0.19308483600616455
432,0.6886755228042603,0.4753465950489044,4.473846435546875,0.04695384204387665
433,0.5834569931030273,0.5361483693122864,4.397634983062744,0.09498710930347443
434,0.6776946783065796,0.5019484758377075,3.99499773979187,0.26986873149871826
435,0.6804642081260681,0.5833229422569275,4.262234687805176,-0.0068291425704956055
436,0.7873258590698242,0.49283114075660706,4.132091522216797,0.1758689433336258
437,0.5266700387001038,0.5609065294265747,3.9934353828430176,0.12272664159536362
438,0.4944096803665161,0.6041650772094727,4.292203426361084,-0.011268869042396545
439,0.5473425984382629,0.5304189920425415,4.310914039611816,0.17204317450523376
440,0.7638643980026245,0.4761746823787689,4.2228546142578125,0.10283438116312027
441,0.6657428741455078,0.5294328331947327,4.1583027839660645,0.023061193525791168
442,0.77513188123703,0.4183008670806885,4.084044456481934,0.08322259038686752
443,0.46241942048072815,0.6050474047660828,3.9547340869903564,0.155686154961586
444,0.62351393699646,0.5284597873687744,3.701845645904541,0.22624310851097107
445,0.5547884702682495,0.5403518676757812,4.035792350769043,0.04677853733301163
446,0.7098223567008972,0.5725477337837219,4.4184699058532715,-0.03168436884880066
447,0.5321217179298401,0.5996243357658386,4.291945934295654,0.13923659920692444
448,0.7646925449371338,0.48435941338539124,4.11378288269043,0.1337793916463852
449,0.657599151134491,0.5455645322799683,4.129515171051025,0.08397583663463593
450,0.6928003430366516,0.5206776261329651,4.106853008270264,0.07446441799402237
451,0.5149604678153992,0.6271781921386719,4.0324273109436035,0.21096207201480865
452,0.5126829147338867,0.4886793792247772,4.219929218292236,0.030788324773311615
453,0.6342753171920776,0.45670652389526367,4.486756324768066,0.03322632610797882
454,0.5435276031494141,0.559643030166626,4.003990173339844,0.08051931858062744
455,0.524594783782959,0.5282731652259827,4.1107048988342285,0.15872451663017273
456,0.7533365488052368,0.5526308417320251,4.435680866241455,0.15567204356193542
457,0.6033152341842651,0.5498349070549011,3.9236013889312744,0.20466093719005585
458,0.4205491244792938,0.6295430064201355,4.032238960266113,0.1453617811203003
459,0.6058003902435303,0.5934598445892334,4.001284599304199,0.12089322507381439
460,0.4821808338165283,0.5853952169418335,4.141770362854004,-0.018280334770679474
461,0.7539323568344116,0.5383581519126892,4.078760147094727,0.04960838705301285
462,0.6421589255332947,0.569256067276001,4.479285717010498,0.08655311912298203
463,0.8638595342636108,0.5199587941169739,3.861355781555176,0.06496711820363998
464,0.800601601600647,0.5027133822441101,4.0974650382995605,0.25638943910598755
465,0.7989469170570374,0.48721054196357727,4.295758247375488,-0.030403584241867065
466,0.466402530670166,0.6151934862136841,4.269768714904785,0.11242178082466125
467,0.4871821105480194,0.58981853723526,3.8205299377441406,0.04941053315997124
468,0.7613672018051147,0.4682314395904541,3.916569232940674,-0.013385772705078125
469,0.7051100134849548,0.47199562191963196,3.6930510997772217,0.2222582995891571
470,0.6942217350006104,0.5426926016807556,4.034573078155518,0.15340223908424377
471,0.4852302074432373,0.6029760837554932,4.4067559242248535,0.1259157955646515
472,0.5149047374725342,0.5657350420951843,3.8928632736206055,0.10973379015922546
473,0.5671774744987488,0.5443505048751831,4.266905784606934,0.13220365345478058
474,0.6577278971672058,0.5137037038803101,4.062001705169678,0.16567076742649078
475,0.3249000608921051,0.6426006555557251,3.5624759197235107,0.10428325086832047
476,0.5885154008865356,0.5668998956680298,4.259809494018555,0.0311824232339859
477,0.3602421283721924,0.5828118324279785,4.150650501251221,0.166782945394516
478,0.7287463545799255,0.5178338885307312,4.346378803253174,0.0005949214100837708
479,0.22132298350334167,0.7530369162559509,3.863985538482666,0.11167380213737488
480,0.49078133702278137,0.5567442774772644,4.2550578117370605,0.084752157330513
481,0.45350128412246704,0.5202128887176514,3.8227295875549316,0.1086665540933609
482,0.7173057198524475,0.5064637660980225,4.357882022857666,0.14449214935302734
483,0.12093847990036011,0.6896348595619202,4.235220909118652,0.17849098145961761
484,0.3710193932056427,0.581697940826416,3.9062340259552,0.08235053718090057
485,0.5831909775733948,0.5575068593025208,4.037758827209473,0.14380130171775818
486,0.6188819408416748,0.5691007971763611,4.470252513885498,0.047485001385211945
487,0.5124505758285522,0.6113480925559998,4.171456813812256,0.15197184681892395
488,0.508626401424408,0.5797164440155029,3.9195518493652344,0.12698298692703247
489,0.46054771542549133,0.6105879545211792,3.950279951095581,0.2953210175037384
490,0.5660303235054016,0.4678594768047333,4.152299880981445,0.13475346565246582
491,0.4475628435611725,0.5980228781700134,3.842376947402954,0.17653226852416992
492,0.7315923571586609,0.567514955997467,4.094337463378906,0.12157150357961655
493,0.5942304730415344,0.49950775504112244,4.160677433013916,0.08402088284492493
494,0.5155630111694336,0.5818643569946289,4.336709976196289,0.005945451557636261
495,0.702698290348053,0.4840511083602905,4.025168418884277,0.21388563513755798
496,0.5450440049171448,0.5538602471351624,3.9032349586486816,0.14209063351154327
497,0.6387812495231628,0.5914716720581055,4.207241535186768,0.13643471896648407
498,0.38006192445755005,0.6158833503723145,4.065365314483643,0.1490120142698288
499,0.6609048843383789,0.5129547119140625,4.096005439758301,0.033484943211078644
500,0.6792157292366028,0.5337117910385132,3.7140064239501953,0.2207762897014618
501,0.7335703372955322,0.49958211183547974,4.099952697753906,0.10908602178096771
502,0.5561231374740601,0.540554404258728,3.89261794090271,0.07765120267868042
503,0.8082437515258789,0.49108755588531494,4.214328765869141,0.13118712604045868
504,0.4778877794742584,0.5796939134597778,4.368220806121826,0.17569027841091156
505,0.6855658888816833,0.5202152132987976,4.303408145904541,0.1409279704093933
506,0.6543521285057068,0.5827100276947021,4.047638416290283,0.10629189014434814
507,0.7661411166191101,0.5345196723937988,4.170592308044434,0.10689724236726761
508,0.6004539132118225,0.5359160900115967,4.3778862953186035,0.15837158262729645
509,0.5771277546882629,0.5467146635055542,4.156540393829346,0.17166492342948914
510,0.8269504904747009,0.5066673159599304,3.8045787811279297,0.1832481026649475
511,0.561558187007904,0.4994228184223175,4.024038314819336,0.09990692138671875
512,0.505264163017273,0.5729517340660095,4.118598461151123,0.03046535700559616
513,0.6565122008323669,0.5828326940536499,4.175779342651367,-0.004539869725704193
514,0.8873819708824158,0.5081961154937744,3.9152278900146484,0.1073090210556984
515,0.8164676427841187,0.5434374809265137,4.145415782928467,0.2001785784959793
516,0.5591442584991455,0.565005362033844,4.288599491119385,0.03723243623971939
517,0.6914536356925964,0.571265459060669,3.9607439041137695,0.1361483484506607
518,0.6148973107337952,0.5860713720321655,4.096930503845215,0.18007537722587585
519,0.8873082399368286,0.49980220198631287,4.268570423126221,0.2400585561990738
520,0.7080423831939697,0.5607178807258606,4.099304676055908,0.03997700661420822
521,0.6660995483398438,0.575917661190033,4.068811416625977,0.03128743916749954
522,0.6005191206932068,0.5704929828643799,4.2417988777160645,0.06843079626560211
523,0.6275926232337952,0.5529935359954834,4.243538856506348,0.08102946728467941
524,0.5631206035614014,0.5381730794906616,4.138484477996826,0.04466840252280235
525,0.7091884613037109,0.46369561553001404,3.8726396560668945,0.1287447065114975
526,0.1055850088596344,0.622131884098053,4.065482139587402,0.10049797594547272
527,0.5434154868125916,0.5842607021331787,3.9195916652679443,0.08359760046005249
528,0.6475313901901245,0.46678218245506287,4.102574825286865,0.19101619720458984
529,0.5119699835777283,0.605334997177124,3.8173985481262207,0.2100449800491333
530,0.6696887016296387,0.5208907723426819,4.2537126541137695,0.0760149359703064
531,0.42259347438812256,0.5481001734733582,4.126211643218994,0.030887112021446228
532,0.5367158651351929,0.5833722352981567,4.071902275085449,0.02530238777399063
533,0.5799938440322876,0.5414605140686035,4.10116720199585,0.10352897644042969
534,0.695792019367218,0.48676323890686035,4.098725318908691,-0.022910848259925842
535,0.6505953669548035,0.5633375644683838,4.259805679321289,0.03891044855117798
536,0.7427192330360413,0.5267027020454407,4.202418804168701,0.17787431180477142
537,0.5145098567008972,0.5482431650161743,3.8058719635009766,0.2151685655117035
538,0.4465365409851074,0.6150856614112854,4.018661975860596,0.14113029837608337
539,0.5405079126358032,0.553634762763977,3.894904375076294,0.17608457803726196
540,0.5274171829223633,0.5137193202972412,4.032603740692139,0.15089669823646545
541,0.7570236921310425,0.49914827942848206,3.9762330055236816,0.28243008255958557
542,0.46618539094924927,0.6068716049194336,4.034940719604492,0.1418256163597107
543,0.5262092351913452,0.6221047639846802,3.9510788917541504,0.0936879813671112
544,0.6286818981170654,0.5343160033226013,4.141502380371094,0.12162065505981445
545,0.6559293270111084,0.602880597114563,4.140974521636963,0.1676558256149292
546,0.6029178500175476,0.4889504611492157,3.8606157302856445,0.2255171239376068
547,0.6835765838623047,0.5325331091880798,4.296468734741211,-0.010016605257987976
548,0.3206009864807129,0.622484564781189,4.349825382232666,0.016211017966270447
549,0.46203646063804626,0.5362709760665894,3.8551480770111084,0.1831977218389511
550,0.36911851167678833,0.6151460409164429,4.048409938812256,0.20716619491577148
551,0.7145864963531494,0.4749126434326172,3.964695453643799,0.09727641940116882
552,0.8346534967422485,0.45808443427085876,4.097753047943115,0.12454693019390106
553,0.8491255640983582,0.5531928539276123,4.269041061401367,0.03665388375520706
554,0.6604754328727722,0.514941930770874,3.9081547260284424,0.15037329494953156
555,0.6119183897972107,0.5490487813949585,4.094752311706543,0.060336120426654816
556,0.46567755937576294,0.5826509594917297,4.211862087249756,0.14766938984394073
557,0.7946350574493408,0.5557257533073425,4.117801189422607,-0.0855114758014679
558,0.4929162263870239,0.5839046239852905,3.9778523445129395,0.07047464698553085
559,0.7361377477645874,0.4847702383995056,4.141841411590576,0.1328752338886261
560,0.4265967011451721,0.585408091545105,4.440018177032471,0.005794592201709747
561,0.5084012746810913,0.5759497880935669,3.8376801013946533,0.031156234443187714
562,0.5265806913375854,0.5946378111839294,3.919604539871216,0.11250484734773636
563,0.6967055797576904,0.505617618560791,4.126004219055176,0.17306622862815857
564,0.5795312523841858,0.5510717034339905,4.179482460021973,0.10559086501598358
565,0.4719517230987549,0.5678608417510986,3.69853138923645,0.1948632448911667
566,0.4234541058540344,0.537351667881012,3.900437593460083,0.12090641260147095
567,0.6914121508598328,0.6054227948188782,4.36439323425293,-0.03516864776611328
568,0.7694057822227478,0.4749276041984558,4.258062839508057,0.15969815850257874
569,0.6883465647697449,0.5938392877578735,4.2504119873046875,0.05656753107905388
570,0.4715350866317749,0.6256014108657837,4.23272180557251,-0.037903085350990295
571,0.593603789806366,0.5400685667991638,3.848137855529785,0.14784838259220123
572,0.5407982468605042,0.5615582466125488,4.12272310256958,0.12713640928268433
573,0.6250413060188293,0.5619022250175476,4.305744647979736,0.06868113577365875
574,0.850388765335083,0.4593138098716736,3.9441490173339844,0.07340172678232193
575,0.4380705952644348,0.6131172180175781,3.981840133666992,0.17008616030216217
576,0.8491839170455933,0.5437121391296387,4.432177543640137,0.03236909210681915
577,0.7492504119873047,0.45257568359375,3.965257406234741,0.16661658883094788
578,0.5980223417282104,0.5416281223297119,4.089186668395996,0.1680496335029602
579,0.6640281677246094,0.49153023958206177,4.0001420974731445,0.12035887688398361
580,0.5532294511795044,0.5245333313941956,3.9647419452667236,0.0817328616976738
581,0.6892757415771484,0.534898042678833,4.0184478759765625,0.09011349827051163
582,0.567265510559082,0.5751944184303284,3.9987165927886963,0.1291920244693756
583,0.3747158944606781,0.6436066627502441,4.176723480224609,0.03426125645637512
584,0.6060099005699158,0.5653930306434631,3.9769797325134277,0.10663165152072906
585,0.7678384780883789,0.4590575695037842,4.019468307495117,0.18155115842819214
586,0.5355181097984314,0.5439863204956055,4.01074743270874,0.1299944519996643
587,0.8417176604270935,0.4650237560272217,4.349372386932373,0.150706946849823
588,0.5600322484970093,0.5745314955711365,3.717508316040039,0.1817244291305542
589,0.48419103026390076,0.5149217844009399,4.059920310974121,0.2079066038131714
590,0.5038503408432007,0.4978261888027191,3.869605779647827,0.20095935463905334
591,0.6044881343841553,0.570888876914978,4.002648830413818,0.06449712812900543
592,0.5509901642799377,0.5719906687736511,3.8476483821868896,0.14357046782970428
593,0.36695531010627747,0.640715479850769,4.323930740356445,-0.06746131181716919
594,0.23472589254379272,0.6320511102676392,4.025364398956299,0.1868564486503601
595,0.5909760594367981,0.6268852949142456,4.248993396759033,0.051830850541591644
596,0.5443814396858215,0.6196987628936768,3.970756769180298,0.11421655118465424
597,0.6457470655441284,0.49787798523902893,4.0582356452941895,0.1592511236667633
598,0.8315494060516357,0.48120689392089844,4.239759922027588,0.014786437153816223
599,0.5972943305969238,0.5624125599861145,4.127741813659668,0.21676573157310486
600,0.5110821723937988,0.559626042842865,3.9935545921325684,0.04974893480539322
601,0.6743361353874207,0.5206548571586609,4.029653549194336,0.026536427438259125
602,0.6381394863128662,0.5621675848960876,3.9473114013671875,-0.0005745440721511841
603,0.4749959707260132,0.5537060499191284,4.11110258102417,0.2237238883972168
604,0.6524871587753296,0.5873031616210938,4.217915058135986,0.03628643602132797
605,0.7195965647697449,0.5040977597236633,4.119787216186523,0.13799163699150085
606,0.4673754572868347,0.5960526466369629,4.129089832305908,-0.035646915435791016
607,0.5579252243041992,0.5406118631362915,4.084601879119873,0.08169578015804291
608,0.6824719905853271,0.5093387365341187,3.819169044494629,0.09294441342353821
609,0.6656250357627869,0.5298142433166504,4.300654411315918,0.11299922317266464
610,0.6615651249885559,0.5184347629547119,3.992284059524536,0.11352881789207458
611,0.43675369024276733,0.6213290095329285,3.962322235107422,0.06704828143119812
612,0.5705460906028748,0.5509334802627563,3.8948915004730225,0.051050927489995956
613,0.6737062335014343,0.5046138763427734,3.952393054962158,0.2113056480884552
614,0.5437535047531128,0.5841874480247498,3.9154679775238037,0.13151830434799194
615,0.46158701181411743,0.5592976808547974,4.264697074890137,0.03416450321674347
616,0.6754735112190247,0.5059499740600586,4.369178295135498,0.039964497089385986
617,0.6937305331230164,0.5412623882293701,4.307716369628906,0.09120157361030579
618,0.7309678792953491,0.5459139347076416,3.814136266708374,0.1437651813030243
619,0.6014153361320496,0.5719070434570312,3.9461848735809326,0.16769002377986908
620,0.5710115432739258,0.5977777242660522,4.2058424949646,0.08634617924690247
621,0.6316148638725281,0.5026893615722656,4.087290287017822,0.2122431844472885
622,0.3647996783256531,0.6083847284317017,3.957181453704834,-0.026737794280052185
623,0.7213724851608276,0.5275859832763672,4.0996503829956055,0.08976756036281586
624,0.7646949291229248,0.48220524191856384,3.9644036293029785,0.14316599071025848
625,0.6564499139785767,0.5408370494842529,4.140222549438477,0.15557029843330383
626,0.5432693958282471,0.515976071357727,3.9308154582977295,0.14472521841526031
627,0.46137356758117676,0.6392635703086853,4.11338996887207,0.1529848724603653
628,0.8597738742828369,0.5347683429718018,4.2084856033325195,0.056332845240831375
629,0.48771554231643677,0.5812718868255615,4.095941543579102,0.16456712782382965
630,0.30363500118255615,0.6147585511207581,4.04149866104126,0.047479718923568726
631,0.4181027412414551,0.6319779753684998,3.917325019836426,0.1552421599626541
632,0.4179951548576355,0.5614636540412903,4.068179130554199,0.19160526990890503
633,0.5286582112312317,0.586139976978302,4.131689548492432,0.1361406147480011
634,0.6198204159736633,0.5346360206604004,4.34461784362793,0.12485504150390625
635,0.5833812952041626,0.5780349373817444,3.9766898155212402,-0.02418912947177887
636,0.8853875398635864,0.4499160349369049,4.141875267028809,0.16605280339717865
637,0.5778032541275024,0.5433059334754944,4.5324296951293945,0.06658489257097244
638,0.4936498999595642,0.5758528113365173,4.238056182861328,0.10884334146976471
639,0.5448101758956909,0.5407241582870483,3.80271315574646,0.10937423259019852
640,0.6169528365135193,0.5805789232254028,4.321959018707275,0.07870060205459595
641,0.2741785943508148,0.6675359010696411,4.215235710144043,-0.0055552273988723755
642,0.35071802139282227,0.6221497058868408,3.7839534282684326,0.0007924288511276245
643,0.5267295241355896,0.656309962272644,4.295194149017334,0.054753899574279785
644,0.37228474020957947,0.636595606803894,4.080155372619629,-0.0751533955335617
645,0.5328039526939392,0.5768020153045654,4.246673107147217,-0.012965813279151917
646,0.5148832201957703,0.5809386372566223,4.032076835632324,0.08723468333482742
647,0.5485052466392517,0.5664687752723694,3.9878950119018555,0.2990020513534546
648,0.6827082633972168,0.4727722406387329,4.010790824890137,0.14462074637413025
649,0.4557490646839142,0.628265917301178,3.865027666091919,0.1925039142370224
650,0.5454052686691284,0.4945630431175232,3.919550895690918,0.1992834359407425
651,0.6837251782417297,0.5466147065162659,4.276240348815918,0.024466730654239655
652,0.627432107925415,0.6183262467384338,4.086594104766846,0.053630050271749496
653,0.7263202667236328,0.46854984760284424,4.190778732299805,0.08087519556283951
654,0.6534509062767029,0.49703773856163025,4.128814697265625,0.03359535336494446
655,0.6581261157989502,0.4707126021385193,4.086152076721191,0.1215987503528595
656,0.6716868877410889,0.6134821176528931,3.9707159996032715,0.13725322484970093
657,0.5824307203292847,0.5294296145439148,4.099013805389404,0.25031042098999023
658,0.4864566922187805,0.6032347679138184,3.9541192054748535,0.0512881726026535
659,0.7646934390068054,0.49861961603164673,3.995027542114258,0.1185126081109047
660,0.516695499420166,0.5952816009521484,4.2700018882751465,0.13681145012378693
661,0.8264024257659912,0.5042360424995422,4.252208232879639,0.07586856931447983
662,0.5544740557670593,0.600967526435852,4.016121864318848,0.019413158297538757
663,0.5868740677833557,0.5099936723709106,4.216792106628418,0.2238820493221283
664,0.6673669219017029,0.5448014736175537,4.120652198791504,0.22957298159599304
665,0.619181752204895,0.5458838939666748,3.974794387817383,0.22892609238624573
666,0.6904429197311401,0.5928429365158081,4.320036888122559,0.19059237837791443
667,0.4057151675224304,0.6602972149848938,4.023482322692871,0.16207824647426605
668,0.8767572641372681,0.43193089962005615,4.126750946044922,0.14237470924854279
669,0.6247645020484924,0.570760190486908,4.315494060516357,0.0440940298140049
670,0.43603432178497314,0.6296573877334595,3.9548606872558594,-0.004697367548942566
671,0.7636438012123108,0.5292181968688965,4.406772136688232,0.006367892026901245
672,0.7545709609985352,0.4532608389854431,3.881819486618042,0.05501067638397217
673,0.6729341149330139,0.541820764541626,4.167490005493164,0.047687385231256485
674,0.6637035608291626,0.5208857655525208,4.038013935089111,0.03223221004009247
675,0.7807055711746216,0.5315686464309692,4.453799724578857,0.1727215200662613
676,0.684259295463562,0.512688159942627,3.916163444519043,0.12595714628696442
677,0.5513814687728882,0.5589949488639832,4.202149391174316,0.1451825201511383
678,0.6919808387756348,0.5121524333953857,4.101352214813232,0.16623666882514954
679,0.7708256244659424,0.5049932599067688,4.160674571990967,0.28608348965644836
680,0.38745903968811035,0.6962147951126099,3.949897289276123,0.08857738971710205
681,0.631679356098175,0.5134695172309875,3.868565320968628,0.15937918424606323
682,0.6607162952423096,0.48042142391204834,4.150434494018555,0.0774221122264862
683,0.5835579633712769,0.5626305937767029,4.387975215911865,0.09876619279384613
684,0.5626668930053711,0.5851184129714966,3.880702495574951,0.16651320457458496
685,0.6151079535484314,0.5210035443305969,4.106268405914307,0.09504693746566772
686,0.6550438404083252,0.4920998215675354,3.857658624649048,0.1797768771648407
687,0.5501558780670166,0.5557347536087036,3.7370448112487793,0.21359634399414062
688,0.6632320284843445,0.5309572219848633,4.354647636413574,0.008921250700950623
689,0.6521618962287903,0.4776756465435028,3.967653751373291,0.0920277088880539
690,0.6510172486305237,0.5141967535018921,4.097355365753174,0.19467909634113312
691,0.7294791340827942,0.4794570803642273,4.115189552307129,0.036659784615039825
692,0.6210014224052429,0.5346038341522217,4.0886406898498535,0.26796895265579224
693,0.38491618633270264,0.6067589521408081,3.9620931148529053,0.07250510156154633
694,0.6015312075614929,0.6054159998893738,4.019035816192627,0.02002687007188797
695,0.5550519227981567,0.5960223078727722,4.181432723999023,0.10839087516069412
696,0.38240164518356323,0.5941219925880432,3.99613881111145,0.17348043620586395
697,0.6616967916488647,0.4706350266933441,3.9466331005096436,0.2625563442707062
698,0.8609026074409485,0.4768405854701996,4.398133277893066,0.15428364276885986
699,0.5395355224609375,0.5990569591522217,3.980508804321289,0.08063797652721405
700,0.5338521599769592,0.6324405670166016,4.2078728675842285,0.1144893616437912
701,0.6473895311355591,0.4959636330604553,4.137429237365723,0.1535668969154358
702,0.48938900232315063,0.5166811347007751,3.7240614891052246,0.11826807260513306
703,0.5618800520896912,0.614751398563385,4.068609237670898,0.27480044960975647
704,0.5183029770851135,0.5199509859085083,3.84963321685791,0.1608431041240692
705,0.5301486849784851,0.5841929912567139,4.019211769104004,0.08248534053564072
706,0.5479527711868286,0.5682942271232605,3.825906276702881,0.20359587669372559
707,0.7069903016090393,0.5933282375335693,4.143758773803711,0.07090874016284943
708,0.7085563540458679,0.544349730014801,4.295756816864014,0.09271448850631714
709,0.6640118360519409,0.5369529128074646,4.355122089385986,0.0228097066283226
710,0.6814162135124207,0.5264719724655151,3.8179421424865723,0.0570068322122097
711,0.7825824022293091,0.4833550453186035,4.104833126068115,0.040010131895542145
712,0.6200616359710693,0.524398922920227,4.08035945892334,0.1427069753408432
713,0.7165259122848511,0.4736258387565613,4.332053184509277,0.18109025061130524
714,0.6965067982673645,0.4764192998409271,4.281209945678711,0.06417054682970047
715,0.6725232005119324,0.5074869990348816,4.0903449058532715,0.09767230600118637
716,0.4263151288032532,0.5880897045135498,3.932823657989502,0.025495290756225586
717,0.5209941267967224,0.594398558139801,4.250929832458496,0.13231447339057922
718,0.5471270084381104,0.6334375143051147,4.079928398132324,0.1539974957704544
719,0.5622999668121338,0.6098360419273376,4.192189693450928,0.09120051562786102
720,0.7102698087692261,0.5228576064109802,4.372823715209961,0.14569969475269318
721,0.6317147612571716,0.4597233831882477,4.096243381500244,0.0978352427482605
722,0.4291154146194458,0.581284761428833,4.06585693359375,0.05848134681582451
723,0.5550453662872314,0.5073907375335693,4.130190849304199,0.13727980852127075
724,0.5080863237380981,0.6095438599586487,4.301661014556885,0.02709571272134781
725,0.7545872926712036,0.5428257584571838,4.237344741821289,0.14121264219284058
726,0.716722846031189,0.4529113471508026,3.991807460784912,0.17394238710403442
727,0.494394451379776,0.5525067448616028,4.0723981857299805,-0.15198341012001038
728,0.5766845941543579,0.5547855496406555,4.198497772216797,0.1457931399345398
729,0.5487065315246582,0.5287837386131287,4.100634574890137,0.03174992650747299
730,0.597667396068573,0.4821731150150299,3.8953442573547363,0.03674304485321045
731,0.7046957015991211,0.5058088302612305,4.226449012756348,0.05261719971895218
732,0.769962728023529,0.5311763882637024,3.9401819705963135,0.11553427577018738
733,0.4740395247936249,0.5844606161117554,3.7953028678894043,0.10136377066373825
734,0.5945231318473816,0.5505280494689941,3.9957435131073,0.2647843360900879
735,0.6345971822738647,0.5221686363220215,4.065876007080078,0.08220332115888596
736,0.7479267120361328,0.5669854879379272,4.123757362365723,0.07090069353580475
737,0.5117564797401428,0.570894181728363,4.418233394622803,0.10087593644857407
738,0.6447314023971558,0.4997692406177521,4.145256996154785,0.161253422498703
739,0.49221593141555786,0.5507603287696838,4.039347171783447,0.18792839348316193
740,0.6665043234825134,0.545844316482544,4.055943965911865,0.20976832509040833
741,0.726353645324707,0.5169550776481628,4.281182289123535,0.16669617593288422
742,0.3761572539806366,0.6953944563865662,3.9983572959899902,0.07838541269302368
743,0.6688540577888489,0.5509635210037231,4.270575046539307,0.03712884336709976
744,0.198948472738266,0.6833751201629639,3.8121304512023926,0.11232919991016388
745,0.40817928314208984,0.4949912130832672,4.337935924530029,0.007062047719955444
746,0.5335568785667419,0.48245370388031006,3.979276418685913,0.13010703027248383
747,0.5982677936553955,0.5055031776428223,4.225808143615723,0.08849795162677765
748,0.7235355973243713,0.5552612543106079,4.444232940673828,0.20903313159942627
749,0.3834007978439331,0.5679388046264648,3.7958574295043945,0.052944526076316833
750,0.799811065196991,0.4617997705936432,4.196159839630127,0.15238429605960846
751,0.6618984937667847,0.5216487050056458,3.899846315383911,0.24491699039936066
752,0.6684296131134033,0.5662996172904968,4.451120853424072,0.08769107609987259
753,0.48637038469314575,0.5034356713294983,3.8221471309661865,0.11559878289699554
754,0.5742619037628174,0.5411475300788879,3.990936279296875,-0.009085975587368011
755,0.5028871297836304,0.5573641657829285,4.164498805999756,0.10649731755256653
756,0.6467528343200684,0.5246658325195312,4.107733249664307,0.21534408628940582
757,0.6093975305557251,0.5702675580978394,3.925863265991211,0.06015283241868019
758,0.6943510174751282,0.5122066140174866,4.172941207885742,0.12345363944768906
759,0.5660508275032043,0.5328463912010193,4.117588996887207,0.11653448641300201
760,0.5661829710006714,0.5204949975013733,3.8088173866271973,0.15532970428466797
761,0.7873860001564026,0.5504165887832642,4.047576904296875,0.07704737782478333
762,0.6161715388298035,0.540396511554718,4.2351226806640625,0.18317756056785583
763,0.5253750681877136,0.5696375370025635,4.023209571838379,0.08770928531885147
764,0.5845682621002197,0.5214632749557495,3.8227078914642334,0.16344735026359558
765,0.576619029045105,0.5584604144096375,4.2868852615356445,-0.0018121004104614258
766,0.5428923964500427,0.6217871904373169,3.9912209510803223,0.11852709949016571
767,0.5039070248603821,0.6412532329559326,4.122873783111572,0.11138583719730377
768,0.5231087803840637,0.5604615807533264,4.312408924102783,0.12408160418272018
769,0.3035009503364563,0.6209507584571838,4.08357048034668,0.09174332022666931
770,0.7174059152603149,0.5580494403839111,4.258076190948486,0.0373186394572258
771,0.7345709204673767,0.57243812084198,4.126023769378662,0.06399042904376984
772,0.5903617143630981,0.5116318464279175,4.2960333824157715,0.11879376322031021
773,0.5608721971511841,0.5874344110488892,4.165716171264648,0.0471595898270607
774,0.8433191180229187,0.46668022871017456,4.152707576751709,0.20410031080245972
775,0.38387519121170044,0.6616564393043518,3.795956611633301,0.1488923728466034
776,0.32237446308135986,0.6571747064590454,3.8311727046966553,-0.03855486214160919
777,0.5886853337287903,0.5525351166725159,3.914734363555908,0.06312213838100433
778,0.644077718257904,0.5511289834976196,3.9318339824676514,0.028019316494464874
779,0.5517992377281189,0.5533434152603149,3.9988842010498047,0.18353378772735596
780,0.8297807574272156,0.4491546154022217,4.421339511871338,0.17203514277935028
781,0.7190831899642944,0.5647634863853455,4.263294696807861,0.09822066128253937
782,0.650812566280365,0.5094574689865112,3.8007044792175293,0.25832194089889526
783,0.5925265550613403,0.5895503759384155,3.6877572536468506,0.11714193969964981
784,0.6280744075775146,0.5207058787345886,3.938750743865967,0.02726905047893524
785,0.5905666351318359,0.5848902463912964,4.322938442230225,0.03313532471656799
786,0.7808418273925781,0.47419318556785583,4.207243919372559,0.07747010886669159
787,0.4327584505081177,0.5745168328285217,3.908292531967163,0.1891782432794571
788,0.6265215277671814,0.539476752281189,4.461418151855469,0.06869740039110184
789,0.5791809558868408,0.5416665077209473,4.0086493492126465,0.0061979740858078
790,0.6612944006919861,0.5233418345451355,3.779123067855835,0.19400599598884583
791,0.6101319193840027,0.5020803213119507,4.458333492279053,0.022522062063217163
792,0.5883790254592896,0.6045888066291809,4.357839584350586,0.0225893035531044
793,0.7514306306838989,0.49527761340141296,4.253998279571533,0.07536335289478302
794,0.6808678507804871,0.5337513089179993,4.249956130981445,0.07069545984268188
795,0.5556174516677856,0.5347355604171753,4.114418983459473,0.15621724724769592
796,0.5316305160522461,0.4974918067455292,4.124997615814209,0.2233380675315857
797,0.7195928692817688,0.4502468407154083,4.172776699066162,0.1055423766374588
798,0.5424878001213074,0.5362273454666138,4.2360029220581055,0.058984652161598206
799,0.7212387919425964,0.4720284044742584,4.131383895874023,0.1439453661441803
800,0.47496315836906433,0.5522385239601135,4.2421159744262695,0.06936279684305191
801,0.4954851269721985,0.577029287815094,4.053130626678467,0.07789608091115952
802,0.7157576084136963,0.5284482836723328,4.420848846435547,-0.027598798274993896
803,0.6088148355484009,0.5198677182197571,4.083978652954102,-0.01672787219285965
804,0.794784426689148,0.48462769389152527,4.229529857635498,0.18514877557754517
805,0.49773427844047546,0.5489433407783508,3.8810207843780518,0.15872251987457275
806,0.7639973163604736,0.493278831243515,4.220637798309326,0.0981660783290863
807,0.6657093167304993,0.5844740867614746,4.259570121765137,0.08094911277294159
808,0.6805180311203003,0.4914693534374237,4.088033199310303,0.034870751202106476
809,0.6412931680679321,0.5347827672958374,3.9820778369903564,0.21709707379341125
810,0.3244645893573761,0.6226140260696411,4.22589111328125,-0.022812098264694214
811,0.5551559925079346,0.5883877277374268,3.9723098278045654,0.1284821331501007
812,0.770362138748169,0.5417197346687317,4.176164627075195,0.036573439836502075
813,0.396691232919693,0.6598079204559326,3.9873077869415283,-0.01641581952571869
814,0.6870535612106323,0.5312691330909729,3.8586435317993164,0.05231155455112457
815,0.6347370743751526,0.5095921158790588,3.9721646308898926,0.12449511140584946
816,0.5397238731384277,0.5519580841064453,4.022350311279297,0.0422726571559906
817,0.8311272859573364,0.48680007457733154,4.159418106079102,0.22754180431365967
818,0.6823779344558716,0.5258364081382751,3.883293867111206,0.21428745985031128
819,0.6404898762702942,0.5039589405059814,4.315296649932861,0.17588458955287933
820,0.6304160952568054,0.5336480736732483,3.7014224529266357,0.18366187810897827
821,0.5813295245170593,0.49932006001472473,4.479239463806152,0.06843599677085876
822,0.5703722238540649,0.5557524561882019,3.903794765472412,0.042566929012537
823,0.4630049765110016,0.6306717395782471,3.8649697303771973,0.0130978524684906
824,0.8475400805473328,0.4744220972061157,4.157931804656982,0.02432585507631302
825,0.8329887986183167,0.5406070351600647,4.079230308532715,0.10573150217533112
826,0.3674328923225403,0.5602800846099854,4.061335563659668,0.10557770729064941
827,0.6454331278800964,0.5091065764427185,4.246488094329834,0.14479604363441467
828,0.6979455351829529,0.47468501329421997,4.224721908569336,0.1265765279531479
829,0.6147791147232056,0.5924347043037415,3.9227347373962402,0.08692167699337006
830,0.792205274105072,0.46437346935272217,3.9931600093841553,0.0864880383014679
831,0.6722097396850586,0.5139549374580383,3.783146381378174,0.14418895542621613
832,0.7551474571228027,0.4963855743408203,4.2252678871154785,0.16626136004924774
833,0.5712920427322388,0.5382235646247864,3.8846702575683594,0.1572258025407791
834,0.6595674753189087,0.5368197560310364,4.541105270385742,0.06612303107976913
835,0.6120388507843018,0.5458850264549255,3.892320394515991,0.159585639834404
836,0.5096712112426758,0.5478929877281189,3.8732810020446777,0.16355448961257935
837,0.812576949596405,0.5153759717941284,4.272290229797363,0.08181062340736389
838,0.5000320672988892,0.5931318402290344,3.8583712577819824,0.0827382281422615
839,0.6931493282318115,0.5571130514144897,4.212155342102051,0.054828718304634094
840,0.7783093452453613,0.5037616491317749,4.209908962249756,0.15680399537086487
841,0.5344778299331665,0.6260091066360474,4.077974796295166,0.03666099160909653
842,0.38503316044807434,0.5591385364532471,3.9645705223083496,0.1073913648724556
843,0.41694676876068115,0.6162148118019104,4.116861820220947,-0.005522094666957855
844,0.3813817799091339,0.6148203015327454,3.9341940879821777,0.12974753975868225
845,0.8086255192756653,0.4817550778388977,3.8333046436309814,0.14323920011520386
846,0.620171070098877,0.5498537421226501,4.1333513259887695,0.2033957988023758
847,0.5708195567131042,0.4788495600223541,4.135243892669678,0.02286030352115631
848,0.3695830702781677,0.60566246509552,3.988553285598755,6.356090307235718e-05
849,0.317994624376297,0.6349369287490845,4.178186416625977,0.08640156686306
850,0.39797669649124146,0.6009131669998169,4.18164587020874,0.036379314959049225
851,0.6513934135437012,0.5000402331352234,4.321709156036377,0.06088009476661682
852,0.6705725193023682,0.48801174759864807,3.730103015899658,0.12322799861431122
853,0.3644328713417053,0.6541517972946167,4.323387622833252,-0.08277112245559692
854,0.4210723340511322,0.6291975378990173,4.115234375,-0.017607353627681732
855,0.8570935726165771,0.5217164754867554,4.277884483337402,0.17275747656822205
856,0.7864949107170105,0.5178792476654053,4.162404537200928,0.09512428939342499
857,0.7388483285903931,0.4430121183395386,4.074948787689209,0.10304386168718338
858,0.4953426122665405,0.6390365362167358,4.320005893707275,0.018625102937221527
859,0.6489925980567932,0.543721079826355,4.162105560302734,0.0813232958316803
860,0.6430927515029907,0.4862724542617798,3.9899404048919678,0.1401289403438568
861,0.43770405650138855,0.5928503274917603,4.374837398529053,-0.020512253046035767
862,0.6586154103279114,0.5656124949455261,4.130141258239746,0.2044423222541809
863,0.5555664896965027,0.4626825749874115,3.7376840114593506,0.2824248671531677
864,0.7728116512298584,0.5699191093444824,4.218294143676758,0.13448107242584229
865,0.6482347249984741,0.513624370098114,3.9796478748321533,0.2141227424144745
866,0.5517175197601318,0.5708554983139038,4.184025764465332,0.1424608826637268
867,0.6411756873130798,0.5648241639137268,4.317545413970947,0.019682273268699646
868,0.6163794994354248,0.5549588203430176,4.03234338760376,0.23573030531406403
869,0.6314112544059753,0.57314133644104,4.203919410705566,0.10274266451597214
870,0.5523642301559448,0.604931652545929,4.000726699829102,0.11473556607961655
871,0.8096337914466858,0.43337130546569824,4.29189395904541,0.05325787886977196
872,0.5162327885627747,0.5333649516105652,4.3047776222229,0.009488321840763092
873,0.46995899081230164,0.6167756915092468,4.064431667327881,0.04522555321455002
874,0.693618655204773,0.5643289089202881,4.399276256561279,0.06269703805446625
875,0.3668709993362427,0.5759305953979492,3.8138749599456787,0.1265251636505127
876,0.4157084822654724,0.6165159344673157,3.995985746383667,-0.04955339431762695
877,0.6238047480583191,0.548821747303009,4.136849403381348,0.09204624593257904
878,0.48523324728012085,0.6870939135551453,3.704425096511841,0.11296120285987854
879,0.7560944557189941,0.5391765236854553,4.09215784072876,0.00456295907497406
880,0.6795336008071899,0.476295530796051,4.24395751953125,0.06527349352836609
881,0.6084731221199036,0.5413472056388855,4.370139122009277,0.29740220308303833
882,0.6240845918655396,0.43749406933784485,3.7503650188446045,0.12336340546607971
883,0.710452139377594,0.4745462238788605,4.392881393432617,0.0681857168674469
884,0.6197749972343445,0.5633733868598938,4.2635674476623535,0.17414894700050354
885,0.9235101342201233,0.49316519498825073,4.114171981811523,0.22597244381904602
886,0.504348874092102,0.5603530406951904,4.132107257843018,0.01560702919960022
887,0.5527764558792114,0.6060347557067871,4.4888811111450195,-0.011089496314525604
888,0.43916332721710205,0.5504739880561829,4.186521053314209,0.06702404469251633
889,0.34784048795700073,0.6042436957359314,4.057368755340576,-0.008227385580539703
890,0.581561803817749,0.6030120253562927,4.237429618835449,0.08133348077535629
891,0.5935940146446228,0.49880796670913696,4.313751220703125,0.04043541103601456
892,0.5223674178123474,0.5276045799255371,4.061283588409424,0.16980768740177155
893,0.7926825284957886,0.5034357905387878,3.9927947521209717,0.1298515498638153
894,0.5057902336120605,0.5556047558784485,4.257200241088867,-0.04046250879764557
895,0.6331018805503845,0.5995008945465088,4.326938152313232,0.12061133980751038
896,0.7722026109695435,0.5391985774040222,4.3710432052612305,-0.021132811903953552
897,0.8170886039733887,0.47646141052246094,4.112081050872803,0.07998321950435638
898,0.5084307193756104,0.5375722050666809,3.891998529434204,0.17844164371490479
899,0.6290656924247742,0.5005841255187988,4.221831798553467,0.03681714087724686
900,0.676171064376831,0.5125339031219482,4.419477462768555,0.11938117444515228
901,0.7340090274810791,0.4813627004623413,4.268709182739258,0.20941781997680664
902,1.0046064853668213,0.4123743176460266,4.476749420166016,0.0919150710105896
903,0.6567274928092957,0.6016798615455627,4.301461219787598,0.05935613811016083
904,0.5576554536819458,0.5581223368644714,3.613236904144287,0.12755359709262848
905,0.7635953426361084,0.4545992910861969,4.458662986755371,0.30338820815086365
906,0.30693408846855164,0.6485450267791748,4.081076145172119,0.23715272545814514
907,0.7251973152160645,0.5130316019058228,3.9358925819396973,0.1390400528907776
908,0.5840579271316528,0.56272292137146,4.249561786651611,0.19847646355628967
909,0.520769476890564,0.5216004252433777,3.9274230003356934,0.21384941041469574
910,0.5901262164115906,0.4739152193069458,3.8956573009490967,0.056284964084625244
911,0.6178035140037537,0.6232879161834717,4.180555820465088,0.035742029547691345
912,0.7183383703231812,0.49207958579063416,4.047811031341553,0.12571874260902405
913,0.7448289394378662,0.579619824886322,3.9448843002319336,-0.07499045133590698
914,0.5853627920150757,0.5958982110023499,4.132089614868164,0.03490816801786423
915,0.5712769627571106,0.6057456135749817,4.122085094451904,0.09734514355659485
916,0.6349470615386963,0.5483596324920654,4.441564559936523,0.04347197338938713
917,0.6421482563018799,0.625566840171814,4.225699424743652,0.016949817538261414
918,0.5928371548652649,0.5247869491577148,4.190103530883789,0.0917944461107254
919,0.5399252772331238,0.5288512110710144,3.8099772930145264,0.37054574489593506
920,0.6351730823516846,0.5864052176475525,3.9625141620635986,0.21901321411132812
921,0.6484369039535522,0.548855185508728,4.211254119873047,0.11942925304174423
922,0.48208457231521606,0.5863741636276245,4.003744125366211,-0.011113904416561127
923,0.6625612378120422,0.5140022039413452,4.436857223510742,0.03930956870317459
924,0.38992398977279663,0.6566535234451294,3.887484550476074,0.02416175603866577
925,0.7196191549301147,0.515143632888794,4.546481132507324,0.10204961150884628
926,0.6814749836921692,0.5262867212295532,4.067382335662842,0.15017169713974
927,0.6879212856292725,0.554199755191803,4.2322163581848145,0.06834487617015839
928,0.1958511769771576,0.656251847743988,4.159223556518555,0.2539249360561371
929,0.7271568179130554,0.5420848727226257,4.271000862121582,0.16354814171791077
930,0.4403153955936432,0.5967938899993896,4.061928749084473,0.0956413522362709
931,0.5141847729682922,0.6275447010993958,3.9184157848358154,0.13827642798423767
932,0.675002932548523,0.4964526295661926,4.394234657287598,0.19466742873191833
933,0.6788561344146729,0.4850350022315979,4.093451023101807,0.2947738468647003
934,0.5679237246513367,0.5621416568756104,4.0490946769714355,0.18727657198905945
935,0.6364009380340576,0.5656684637069702,3.93483567237854,0.16340699791908264
936,0.8924273252487183,0.4716951847076416,4.266042232513428,0.07722844928503036
937,0.7481424808502197,0.4660867154598236,4.250528335571289,0.06427010893821716
938,0.5050390958786011,0.7092030644416809,4.094115734100342,0.24335166811943054
939,0.6319312453269958,0.6087528467178345,4.045382976531982,0.10866163671016693
940,0.35947632789611816,0.6011070609092712,3.8259003162384033,0.1269458532333374
941,0.6120663285255432,0.5641486048698425,4.301525115966797,-0.019055232405662537
942,0.4313441514968872,0.6287927627563477,4.112471103668213,0.10151001811027527
943,0.6133700609207153,0.5304139256477356,4.41829252243042,0.07961603999137878
944,0.743609607219696,0.43761080503463745,3.86008882522583,0.20330479741096497
945,0.6461449861526489,0.5548147559165955,4.024203300476074,0.09031019359827042
946,0.5382205843925476,0.5344362258911133,3.9937124252319336,0.06728685647249222
947,0.3973708748817444,0.6626418828964233,4.244793891906738,0.07391326874494553
948,0.7532380223274231,0.5341753363609314,4.491786003112793,0.11350467056035995
949,0.3825165033340454,0.6380322575569153,3.957840919494629,0.13626259565353394
950,0.546978235244751,0.5870004892349243,4.3743391036987305,0.05421800538897514
951,0.38781750202178955,0.5699378252029419,4.1420578956604,0.05349147692322731
952,0.5603429675102234,0.5578299164772034,4.228837490081787,0.010424874722957611
953,0.6293788552284241,0.5831148028373718,4.177809715270996,0.14456674456596375
954,0.43625277280807495,0.5394980907440186,4.178621292114258,-0.05420839786529541
955,0.4457927942276001,0.5982614159584045,4.455368518829346,0.0077732279896736145
956,0.4024235010147095,0.5738695859909058,4.044670581817627,0.12932857871055603
957,0.6793661117553711,0.5166909098625183,4.086498260498047,0.09210656583309174
958,0.808682918548584,0.5076607465744019,4.161994934082031,0.05670449882745743
959,0.9006509184837341,0.42830389738082886,4.486193656921387,0.16637800633907318
960,0.6441759467124939,0.5426912307739258,4.16323184967041,0.1285085529088974
961,0.4630225598812103,0.572808027267456,4.1133928298950195,0.1366124451160431
962,0.5616961121559143,0.4722415506839752,4.2737507820129395,0.1584831327199936
963,0.5795453190803528,0.5544610023498535,4.494785308837891,-0.05444994568824768
964,0.7429584264755249,0.5405563712120056,4.507096767425537,0.18820807337760925
965,0.4500240683555603,0.6101357936859131,3.965672016143799,0.15689405798912048
966,0.5462722778320312,0.5794302225112915,4.119180202484131,0.18923181295394897
967,0.47068434953689575,0.5987806916236877,4.135495662689209,0.13515034317970276
968,0.29289907217025757,0.6525750756263733,4.093559265136719,0.14543458819389343
969,0.2663540840148926,0.5946602821350098,4.031403064727783,0.09029188007116318
970,0.7664250731468201,0.5136022567749023,3.9196972846984863,0.023782141506671906
971,0.7463928461074829,0.4842451810836792,4.0572943687438965,0.16049310564994812
972,0.7390824556350708,0.5296142101287842,4.481919765472412,-0.0016739070415496826
973,0.6351021528244019,0.5424374341964722,4.100633144378662,0.08860889822244644
974,0.39798757433891296,0.6143176555633545,4.000009059906006,0.18789806962013245
975,0.6942363381385803,0.5570614337921143,4.091916084289551,0.13171836733818054
976,0.5196675658226013,0.576835572719574,4.350801944732666,0.08102945983409882
977,0.5999671816825867,0.5375884175300598,4.012288570404053,0.19969046115875244
978,0.6507328152656555,0.48868411779403687,4.099837779998779,0.027268841862678528
979,0.6022788882255554,0.4899565577507019,4.468245983123779,0.10603426396846771
980,0.8658114671707153,0.46954041719436646,4.283681392669678,0.12745723128318787
981,0.26457512378692627,0.633526623249054,3.8229305744171143,0.1198582574725151
982,0.5681965351104736,0.5501396656036377,4.536911487579346,0.03131652623414993
983,0.4416331648826599,0.6373836398124695,4.3778486251831055,0.016288191080093384
984,0.43915069103240967,0.5982259511947632,4.355528831481934,0.1383468508720398
985,0.8448331356048584,0.5179097652435303,4.139949321746826,0.10068222880363464
986,1.0037438869476318,0.4757693111896515,4.673635959625244,-0.004702523350715637
987,0.8102777600288391,0.5042711496353149,4.089833736419678,0.055295493453741074
988,0.533000111579895,0.5976247787475586,3.9409728050231934,0.12009741365909576
989,0.5589711666107178,0.5899498462677002,3.933903694152832,0.10086564719676971
990,0.6150030493736267,0.5139301419258118,4.003968238830566,0.013803161680698395
991,0.6860195398330688,0.5410645008087158,3.6307499408721924,0.12871840596199036
992,0.6696529388427734,0.5113515853881836,4.159047603607178,0.09217624366283417
993,0.9300746917724609,0.48163843154907227,4.220573902130127,0.17027592658996582
994,0.35874563455581665,0.5597216486930847,4.217825889587402,0.0067449212074279785
995,0.45820799469947815,0.5279125571250916,4.084313869476318,0.08920789510011673
996,0.6941298842430115,0.5576062202453613,4.194108486175537,0.11494432389736176
997,0.4058396816253662,0.5880922675132751,4.181897163391113,-0.007345505058765411
998,0.47047606110572815,0.5416654348373413,4.093701362609863,0.16740325093269348
999,0.7377254962921143,0.5498781204223633,4.053337097167969,0.140610471367836
