,subjects,variables,parameter,value
0,1,5th,beta_1,3.783505853677006e-44
1,2,5th,beta_1,3.783505853677006e-44
2,3,5th,beta_1,3.783505853677006e-44
3,4,5th,beta_1,3.783505853677006e-44
4,5,5th,beta_1,3.783505853677006e-44
5,6,5th,beta_1,3.783505853677006e-44
6,7,5th,beta_1,3.783505853677006e-44
7,8,5th,beta_1,3.783505853677006e-44
8,9,5th,beta_1,3.783505853677006e-44
9,10,5th,beta_1,3.783505853677006e-44
10,11,5th,beta_1,3.783505853677006e-44
11,12,5th,beta_1,3.783505853677006e-44
12,13,5th,beta_1,3.783505853677006e-44
13,14,5th,beta_1,3.783505853677006e-44
14,15,5th,beta_1,3.783505853677006e-44
15,16,5th,beta_1,3.783505853677006e-44
16,17,5th,beta_1,3.783505853677006e-44
17,18,5th,beta_1,3.783505853677006e-44
18,19,5th,beta_1,3.783505853677006e-44
19,20,5th,beta_1,3.783505853677006e-44
20,21,5th,beta_1,3.783505853677006e-44
21,22,5th,beta_1,3.783505853677006e-44
22,23,5th,beta_1,3.783505853677006e-44
23,24,5th,beta_1,3.783505853677006e-44
24,25,5th,beta_1,3.783505853677006e-44
25,26,5th,beta_1,3.783505853677006e-44
26,27,5th,beta_1,3.783505853677006e-44
27,28,5th,beta_1,3.783505853677006e-44
28,29,5th,beta_1,3.783505853677006e-44
29,30,5th,beta_1,3.783505853677006e-44
30,31,5th,beta_1,3.783505853677006e-44
31,32,5th,beta_1,3.783505853677006e-44
32,33,5th,beta_1,3.783505853677006e-44
33,34,5th,beta_1,3.783505853677006e-44
34,35,5th,beta_1,3.783505853677006e-44
35,36,5th,beta_1,3.783505853677006e-44
36,37,5th,beta_1,3.783505853677006e-44
37,38,5th,beta_1,3.783505853677006e-44
38,39,5th,beta_1,3.783505853677006e-44
39,40,5th,beta_1,3.783505853677006e-44
40,41,5th,beta_1,3.783505853677006e-44
41,42,5th,beta_1,3.783505853677006e-44
42,43,5th,beta_1,3.783505853677006e-44
43,44,5th,beta_1,3.783505853677006e-44
44,45,5th,beta_1,3.783505853677006e-44
45,46,5th,beta_1,3.783505853677006e-44
46,47,5th,beta_1,3.783505853677006e-44
47,48,5th,beta_1,3.783505853677006e-44
48,49,5th,beta_1,3.783505853677006e-44
49,50,5th,beta_1,3.783505853677006e-44
50,51,5th,beta_1,3.783505853677006e-44
51,52,5th,beta_1,3.783505853677006e-44
52,53,5th,beta_1,3.783505853677006e-44
53,54,5th,beta_1,3.783505853677006e-44
54,55,5th,beta_1,3.783505853677006e-44
55,56,5th,beta_1,3.783505853677006e-44
56,57,5th,beta_1,3.783505853677006e-44
57,58,5th,beta_1,3.783505853677006e-44
58,59,5th,beta_1,3.783505853677006e-44
59,60,5th,beta_1,3.783505853677006e-44
60,61,5th,beta_1,3.783505853677006e-44
61,62,5th,beta_1,3.783505853677006e-44
62,63,5th,beta_1,3.783505853677006e-44
63,64,5th,beta_1,3.783505853677006e-44
64,65,5th,beta_1,3.783505853677006e-44
65,66,5th,beta_1,3.783505853677006e-44
66,67,5th,beta_1,3.783505853677006e-44
67,68,5th,beta_1,3.783505853677006e-44
68,69,5th,beta_1,3.783505853677006e-44
69,70,5th,beta_1,3.783505853677006e-44
70,71,5th,beta_1,3.783505853677006e-44
71,72,5th,beta_1,3.783505853677006e-44
72,73,5th,beta_1,3.783505853677006e-44
73,74,5th,beta_1,3.783505853677006e-44
74,75,5th,beta_1,3.783505853677006e-44
75,76,5th,beta_1,3.783505853677006e-44
76,77,5th,beta_1,3.783505853677006e-44
77,78,5th,beta_1,3.783505853677006e-44
78,79,5th,beta_1,3.783505853677006e-44
79,80,5th,beta_1,3.783505853677006e-44
80,81,5th,beta_1,3.783505853677006e-44
81,82,5th,beta_1,3.783505853677006e-44
82,83,5th,beta_1,3.783505853677006e-44
83,84,5th,beta_1,3.783505853677006e-44
84,85,5th,beta_1,3.783505853677006e-44
85,86,5th,beta_1,3.783505853677006e-44
86,87,5th,beta_1,3.783505853677006e-44
87,88,5th,beta_1,3.783505853677006e-44
88,89,5th,beta_1,3.783505853677006e-44
89,1,median,beta_1,3.783505853677006e-44
90,2,median,beta_1,3.783505853677006e-44
91,3,median,beta_1,3.783505853677006e-44
92,4,median,beta_1,3.783505853677006e-44
93,5,median,beta_1,3.783505853677006e-44
94,6,median,beta_1,3.783505853677006e-44
95,7,median,beta_1,3.783505853677006e-44
96,8,median,beta_1,3.783505853677006e-44
97,9,median,beta_1,3.783505853677006e-44
98,10,median,beta_1,3.783505853677006e-44
99,11,median,beta_1,3.783505853677006e-44
100,12,median,beta_1,3.783505853677006e-44
101,13,median,beta_1,3.783505853677006e-44
102,14,median,beta_1,3.783505853677006e-44
103,15,median,beta_1,3.783505853677006e-44
104,16,median,beta_1,3.783505853677006e-44
105,17,median,beta_1,3.783505853677006e-44
106,18,median,beta_1,3.783505853677006e-44
107,19,median,beta_1,3.783505853677006e-44
108,20,median,beta_1,3.783505853677006e-44
109,21,median,beta_1,3.783505853677006e-44
110,22,median,beta_1,3.783505853677006e-44
111,23,median,beta_1,3.783505853677006e-44
112,24,median,beta_1,3.783505853677006e-44
113,25,median,beta_1,3.783505853677006e-44
114,26,median,beta_1,3.783505853677006e-44
115,27,median,beta_1,3.783505853677006e-44
116,28,median,beta_1,3.783505853677006e-44
117,29,median,beta_1,3.783505853677006e-44
118,30,median,beta_1,3.783505853677006e-44
119,31,median,beta_1,3.783505853677006e-44
120,32,median,beta_1,3.783505853677006e-44
121,33,median,beta_1,3.783505853677006e-44
122,34,median,beta_1,3.783505853677006e-44
123,35,median,beta_1,3.783505853677006e-44
124,36,median,beta_1,3.783505853677006e-44
125,37,median,beta_1,3.783505853677006e-44
126,38,median,beta_1,3.783505853677006e-44
127,39,median,beta_1,3.783505853677006e-44
128,40,median,beta_1,3.783505853677006e-44
129,41,median,beta_1,3.783505853677006e-44
130,42,median,beta_1,3.783505853677006e-44
131,43,median,beta_1,3.783505853677006e-44
132,44,median,beta_1,3.783505853677006e-44
133,45,median,beta_1,3.783505853677006e-44
134,46,median,beta_1,3.783505853677006e-44
135,47,median,beta_1,3.783505853677006e-44
136,48,median,beta_1,3.783505853677006e-44
137,49,median,beta_1,3.783505853677006e-44
138,50,median,beta_1,3.783505853677006e-44
139,51,median,beta_1,3.783505853677006e-44
140,52,median,beta_1,3.783505853677006e-44
141,53,median,beta_1,3.783505853677006e-44
142,54,median,beta_1,3.783505853677006e-44
143,55,median,beta_1,3.783505853677006e-44
144,56,median,beta_1,3.783505853677006e-44
145,57,median,beta_1,3.783505853677006e-44
146,58,median,beta_1,3.783505853677006e-44
147,59,median,beta_1,3.783505853677006e-44
148,60,median,beta_1,3.783505853677006e-44
149,61,median,beta_1,3.783505853677006e-44
150,62,median,beta_1,3.783505853677006e-44
151,63,median,beta_1,3.783505853677006e-44
152,64,median,beta_1,3.783505853677006e-44
153,65,median,beta_1,3.783505853677006e-44
154,66,median,beta_1,3.783505853677006e-44
155,67,median,beta_1,3.783505853677006e-44
156,68,median,beta_1,3.783505853677006e-44
157,69,median,beta_1,3.783505853677006e-44
158,70,median,beta_1,3.783505853677006e-44
159,71,median,beta_1,3.783505853677006e-44
160,72,median,beta_1,3.783505853677006e-44
161,73,median,beta_1,3.783505853677006e-44
162,74,median,beta_1,3.783505853677006e-44
163,75,median,beta_1,3.783505853677006e-44
164,76,median,beta_1,3.783505853677006e-44
165,77,median,beta_1,3.783505853677006e-44
166,78,median,beta_1,3.783505853677006e-44
167,79,median,beta_1,3.783505853677006e-44
168,80,median,beta_1,3.783505853677006e-44
169,81,median,beta_1,3.783505853677006e-44
170,82,median,beta_1,3.783505853677006e-44
171,83,median,beta_1,3.783505853677006e-44
172,84,median,beta_1,3.783505853677006e-44
173,85,median,beta_1,3.783505853677006e-44
174,86,median,beta_1,3.783505853677006e-44
175,87,median,beta_1,3.783505853677006e-44
176,88,median,beta_1,3.783505853677006e-44
177,89,median,beta_1,3.783505853677006e-44
178,1,95th,beta_1,3.783505853677006e-44
179,2,95th,beta_1,3.783505853677006e-44
180,3,95th,beta_1,3.783505853677006e-44
181,4,95th,beta_1,3.783505853677006e-44
182,5,95th,beta_1,3.783505853677006e-44
183,6,95th,beta_1,3.783505853677006e-44
184,7,95th,beta_1,3.783505853677006e-44
185,8,95th,beta_1,3.783505853677006e-44
186,9,95th,beta_1,3.783505853677006e-44
187,10,95th,beta_1,3.783505853677006e-44
188,11,95th,beta_1,3.783505853677006e-44
189,12,95th,beta_1,3.783505853677006e-44
190,13,95th,beta_1,3.783505853677006e-44
191,14,95th,beta_1,3.783505853677006e-44
192,15,95th,beta_1,3.783505853677006e-44
193,16,95th,beta_1,3.783505853677006e-44
194,17,95th,beta_1,3.783505853677006e-44
195,18,95th,beta_1,3.783505853677006e-44
196,19,95th,beta_1,3.783505853677006e-44
197,20,95th,beta_1,3.783505853677006e-44
198,21,95th,beta_1,3.783505853677006e-44
199,22,95th,beta_1,3.783505853677006e-44
200,23,95th,beta_1,3.783505853677006e-44
201,24,95th,beta_1,3.783505853677006e-44
202,25,95th,beta_1,3.783505853677006e-44
203,26,95th,beta_1,3.783505853677006e-44
204,27,95th,beta_1,3.783505853677006e-44
205,28,95th,beta_1,3.783505853677006e-44
206,29,95th,beta_1,3.783505853677006e-44
207,30,95th,beta_1,3.783505853677006e-44
208,31,95th,beta_1,3.783505853677006e-44
209,32,95th,beta_1,3.783505853677006e-44
210,33,95th,beta_1,3.783505853677006e-44
211,34,95th,beta_1,3.783505853677006e-44
212,35,95th,beta_1,3.783505853677006e-44
213,36,95th,beta_1,3.783505853677006e-44
214,37,95th,beta_1,3.783505853677006e-44
215,38,95th,beta_1,3.783505853677006e-44
216,39,95th,beta_1,3.783505853677006e-44
217,40,95th,beta_1,3.783505853677006e-44
218,41,95th,beta_1,3.783505853677006e-44
219,42,95th,beta_1,3.783505853677006e-44
220,43,95th,beta_1,3.783505853677006e-44
221,44,95th,beta_1,3.783505853677006e-44
222,45,95th,beta_1,3.783505853677006e-44
223,46,95th,beta_1,3.783505853677006e-44
224,47,95th,beta_1,3.783505853677006e-44
225,48,95th,beta_1,3.783505853677006e-44
226,49,95th,beta_1,3.783505853677006e-44
227,50,95th,beta_1,3.783505853677006e-44
228,51,95th,beta_1,3.783505853677006e-44
229,52,95th,beta_1,3.783505853677006e-44
230,53,95th,beta_1,3.783505853677006e-44
231,54,95th,beta_1,3.783505853677006e-44
232,55,95th,beta_1,3.783505853677006e-44
233,56,95th,beta_1,3.783505853677006e-44
234,57,95th,beta_1,3.783505853677006e-44
235,58,95th,beta_1,3.783505853677006e-44
236,59,95th,beta_1,3.783505853677006e-44
237,60,95th,beta_1,3.783505853677006e-44
238,61,95th,beta_1,3.783505853677006e-44
239,62,95th,beta_1,3.783505853677006e-44
240,63,95th,beta_1,3.783505853677006e-44
241,64,95th,beta_1,3.783505853677006e-44
242,65,95th,beta_1,3.783505853677006e-44
243,66,95th,beta_1,3.783505853677006e-44
244,67,95th,beta_1,3.783505853677006e-44
245,68,95th,beta_1,3.783505853677006e-44
246,69,95th,beta_1,3.783505853677006e-44
247,70,95th,beta_1,3.783505853677006e-44
248,71,95th,beta_1,3.783505853677006e-44
249,72,95th,beta_1,3.783505853677006e-44
250,73,95th,beta_1,3.783505853677006e-44
251,74,95th,beta_1,3.783505853677006e-44
252,75,95th,beta_1,3.783505853677006e-44
253,76,95th,beta_1,3.783505853677006e-44
254,77,95th,beta_1,3.783505853677006e-44
255,78,95th,beta_1,3.783505853677006e-44
256,79,95th,beta_1,3.783505853677006e-44
257,80,95th,beta_1,3.783505853677006e-44
258,81,95th,beta_1,3.783505853677006e-44
259,82,95th,beta_1,3.783505853677006e-44
260,83,95th,beta_1,3.783505853677006e-44
261,84,95th,beta_1,3.783505853677006e-44
262,85,95th,beta_1,3.783505853677006e-44
263,86,95th,beta_1,3.783505853677006e-44
264,87,95th,beta_1,3.783505853677006e-44
265,88,95th,beta_1,3.783505853677006e-44
266,89,95th,beta_1,3.783505853677006e-44
267,1,5th,beta_2,0.44340207874774934
268,2,5th,beta_2,2.116820621490479
269,3,5th,beta_2,0.7351962625980377
270,4,5th,beta_2,0.9013678103685379
271,5,5th,beta_2,0.4365305230021477
272,6,5th,beta_2,0.5674800276756287
273,7,5th,beta_2,2.1000683188438414
274,8,5th,beta_2,6.434802484512329
275,9,5th,beta_2,0.4656342774629593
276,10,5th,beta_2,0.9978371560573579
277,11,5th,beta_2,0.8927061825990676
278,12,5th,beta_2,0.4605324685573578
279,13,5th,beta_2,1.2532976269721985
280,14,5th,beta_2,0.5883066058158875
281,15,5th,beta_2,0.6251211762428284
282,16,5th,beta_2,0.61017085313797
283,17,5th,beta_2,0.300548480451107
284,18,5th,beta_2,2.003497153520584
285,19,5th,beta_2,4.667259263992309
286,20,5th,beta_2,2.5466457128524778
287,21,5th,beta_2,1.1311720848083495
288,22,5th,beta_2,1.8894267201423647
289,23,5th,beta_2,1.1205647528171538
290,24,5th,beta_2,0.5241172730922699
291,25,5th,beta_2,0.3209681406617165
292,26,5th,beta_2,1.4491683781147005
293,27,5th,beta_2,0.6792458802461624
294,28,5th,beta_2,0.6944988280534744
295,29,5th,beta_2,0.45833007395267483
296,30,5th,beta_2,1.8010383248329163
297,31,5th,beta_2,2.903556787967682
298,32,5th,beta_2,2.3663519620895386
299,33,5th,beta_2,2.6895596742630006
300,34,5th,beta_2,0.41125307977199554
301,35,5th,beta_2,0.9154517531394959
302,36,5th,beta_2,0.760318574309349
303,37,5th,beta_2,0.7859692245721817
304,38,5th,beta_2,0.7279371321201324
305,39,5th,beta_2,1.0176222324371338
306,40,5th,beta_2,8.453945827484132
307,41,5th,beta_2,1.2541235387325287
308,42,5th,beta_2,0.7355828076601029
309,43,5th,beta_2,1.0162781476974487
310,44,5th,beta_2,0.9645345777273179
311,45,5th,beta_2,3.125136685371399
312,46,5th,beta_2,0.805606535077095
313,47,5th,beta_2,0.6950794905424118
314,48,5th,beta_2,0.8235672920942307
315,49,5th,beta_2,1.3514695763587952
316,50,5th,beta_2,1.3002345204353332
317,51,5th,beta_2,1.6145066857337953
318,52,5th,beta_2,0.5466403216123581
319,53,5th,beta_2,11.737062406539918
320,54,5th,beta_2,1.3819346010684967
321,55,5th,beta_2,0.32528404146432877
322,56,5th,beta_2,3.9860615849494936
323,57,5th,beta_2,1.0865180313587188
324,58,5th,beta_2,2.8971237897872926
325,59,5th,beta_2,0.770095443725586
326,60,5th,beta_2,0.41437025964260105
327,61,5th,beta_2,0.8097411692142487
328,62,5th,beta_2,4.842721366882324
329,63,5th,beta_2,1.6734139502048493
330,64,5th,beta_2,0.7903310507535934
331,65,5th,beta_2,1.162036943435669
332,66,5th,beta_2,8.219673871994019
333,67,5th,beta_2,0.5326141953468323
334,68,5th,beta_2,1.065634983778
335,69,5th,beta_2,1.1860382735729216
336,70,5th,beta_2,0.478650851547718
337,71,5th,beta_2,6.946215963363647
338,72,5th,beta_2,0.6543158978223801
339,73,5th,beta_2,1.0269054770469666
340,74,5th,beta_2,4.586704659461975
341,75,5th,beta_2,0.8155215054750442
342,76,5th,beta_2,2.2712701678276064
343,77,5th,beta_2,0.9738454192876816
344,78,5th,beta_2,0.9490239351987839
345,79,5th,beta_2,0.9646091371774673
346,80,5th,beta_2,0.8465659826993943
347,81,5th,beta_2,1.2371424973011016
348,82,5th,beta_2,2.0391609787940976
349,83,5th,beta_2,1.271054607629776
350,84,5th,beta_2,2.0841013073921206
351,85,5th,beta_2,3.682906126976013
352,86,5th,beta_2,3.313849353790283
353,87,5th,beta_2,0.7852717876434326
354,88,5th,beta_2,1.165457618236542
355,89,5th,beta_2,1.155318707227707
356,1,median,beta_2,0.6916201710700989
357,2,median,beta_2,2.9779443740844727
358,3,median,beta_2,1.1707481145858765
359,4,median,beta_2,1.4935054183006287
360,5,median,beta_2,0.666591078042984
361,6,median,beta_2,0.8182951509952545
362,7,median,beta_2,3.4739474058151245
363,8,median,beta_2,10.019495010375977
364,9,median,beta_2,0.7492885887622833
365,10,median,beta_2,1.658388912677765
366,11,median,beta_2,1.3758967518806458
367,12,median,beta_2,0.6285520195960999
368,13,median,beta_2,2.160772442817688
369,14,median,beta_2,0.8630194365978241
370,15,median,beta_2,0.9162511229515076
371,16,median,beta_2,1.0393077731132507
372,17,median,beta_2,0.4691036343574524
373,18,median,beta_2,3.132858395576477
374,19,median,beta_2,6.523884534835815
375,20,median,beta_2,4.000041961669922
376,21,median,beta_2,1.65109783411026
377,22,median,beta_2,2.6588019132614136
378,23,median,beta_2,1.838244080543518
379,24,median,beta_2,0.8680450618267059
380,25,median,beta_2,0.5475972890853882
381,26,median,beta_2,2.3021618127822876
382,27,median,beta_2,1.31984144449234
383,28,median,beta_2,1.075693428516388
384,29,median,beta_2,0.7093535959720612
385,30,median,beta_2,2.359043836593628
386,31,median,beta_2,4.1848304271698
387,32,median,beta_2,3.694522738456726
388,33,median,beta_2,4.160731792449951
389,34,median,beta_2,0.5854505598545074
390,35,median,beta_2,1.4301037788391113
391,36,median,beta_2,1.0308691263198853
392,37,median,beta_2,1.1869869828224182
393,38,median,beta_2,1.0744461417198181
394,39,median,beta_2,1.552459955215454
395,40,median,beta_2,12.033832550048828
396,41,median,beta_2,1.935629665851593
397,42,median,beta_2,1.088604211807251
398,43,median,beta_2,1.6663138270378113
399,44,median,beta_2,1.4279677867889404
400,45,median,beta_2,4.961457014083862
401,46,median,beta_2,1.1477325558662415
402,47,median,beta_2,1.0734084248542786
403,48,median,beta_2,1.203098714351654
404,49,median,beta_2,2.1441240310668945
405,50,median,beta_2,1.940556824207306
406,51,median,beta_2,2.529074788093567
407,52,median,beta_2,0.8483122289180756
408,53,median,beta_2,16.521201133728027
409,54,median,beta_2,2.702472686767578
410,55,median,beta_2,0.5261230766773224
411,56,median,beta_2,6.046331405639648
412,57,median,beta_2,1.7069889307022095
413,58,median,beta_2,4.208692312240601
414,59,median,beta_2,1.173887312412262
415,60,median,beta_2,0.6017895042896271
416,61,median,beta_2,1.2548066973686218
417,62,median,beta_2,7.41947603225708
418,63,median,beta_2,2.610766053199768
419,64,median,beta_2,1.1117298603057861
420,65,median,beta_2,1.5539106130599976
421,66,median,beta_2,11.272057056427002
422,67,median,beta_2,0.7922110557556152
423,68,median,beta_2,1.6421080231666565
424,69,median,beta_2,1.9282414317131042
425,70,median,beta_2,0.7556186616420746
426,71,median,beta_2,14.713831424713135
427,72,median,beta_2,0.9515572190284729
428,73,median,beta_2,1.6568601727485657
429,74,median,beta_2,6.317464113235474
430,75,median,beta_2,1.124691903591156
431,76,median,beta_2,3.5508328676223755
432,77,median,beta_2,1.501192569732666
433,78,median,beta_2,1.5459355115890503
434,79,median,beta_2,1.6429985761642456
435,80,median,beta_2,1.3078579902648926
436,81,median,beta_2,1.840972125530243
437,82,median,beta_2,2.980386257171631
438,83,median,beta_2,1.8082187175750732
439,84,median,beta_2,3.1710020303726196
440,85,median,beta_2,5.792234897613525
441,86,median,beta_2,5.825078248977661
442,87,median,beta_2,1.2272295951843262
443,88,median,beta_2,2.007718801498413
444,89,median,beta_2,1.5635199546813965
445,1,95th,beta_2,1.1356123983860016
446,2,95th,beta_2,4.0923934221267695
447,3,95th,beta_2,1.83437653183937
448,4,95th,beta_2,2.520659577846527
449,5,95th,beta_2,1.0337833762168884
450,6,95th,beta_2,1.1485968112945555
451,7,95th,beta_2,5.436962914466858
452,8,95th,beta_2,16.26862516403198
453,9,95th,beta_2,1.2543281793594359
454,10,95th,beta_2,2.919591414928435
455,11,95th,beta_2,2.103155553340912
456,12,95th,beta_2,0.8748290181159972
457,13,95th,beta_2,3.568940734863281
458,14,95th,beta_2,1.2322407782077784
459,15,95th,beta_2,1.3384648919105528
460,16,95th,beta_2,1.7177907168865203
461,17,95th,beta_2,0.7254436373710631
462,18,95th,beta_2,4.754849004745482
463,19,95th,beta_2,9.35607829093933
464,20,95th,beta_2,6.486915731430053
465,21,95th,beta_2,2.4098458766937254
466,22,95th,beta_2,3.7223909258842465
467,23,95th,beta_2,2.796710681915283
468,24,95th,beta_2,1.4460323750972743
469,25,95th,beta_2,0.9046212673187255
470,26,95th,beta_2,3.480875396728515
471,27,95th,beta_2,2.4725734591484065
472,28,95th,beta_2,1.6521685540676116
473,29,95th,beta_2,1.1407625913619994
474,30,95th,beta_2,3.0447833299636837
475,31,95th,beta_2,6.2415104389190645
476,32,95th,beta_2,5.763165879249572
477,33,95th,beta_2,6.315049862861632
478,34,95th,beta_2,0.8457312107086181
479,35,95th,beta_2,2.225983774662018
480,36,95th,beta_2,1.4131130516529085
481,37,95th,beta_2,1.826783800125122
482,38,95th,beta_2,1.6121147692203521
483,39,95th,beta_2,2.381626832485199
484,40,95th,beta_2,16.90751314163208
485,41,95th,beta_2,3.1498252272605884
486,42,95th,beta_2,1.5768294811248778
487,43,95th,beta_2,2.7676787495613095
488,44,95th,beta_2,2.1278381109237667
489,45,95th,beta_2,7.880292916297912
490,46,95th,beta_2,1.5980149149894711
491,47,95th,beta_2,1.685945558547973
492,48,95th,beta_2,1.720815885066986
493,49,95th,beta_2,3.702153778076171
494,50,95th,beta_2,2.8971646547317498
495,51,95th,beta_2,4.043438029289245
496,52,95th,beta_2,1.296505260467529
497,53,95th,beta_2,23.54521265029907
498,54,95th,beta_2,5.104036712646483
499,55,95th,beta_2,0.828137245774269
500,56,95th,beta_2,8.84901051521301
501,57,95th,beta_2,2.714563608169555
502,58,95th,beta_2,6.075800538063049
503,59,95th,beta_2,1.8037153661251066
504,60,95th,beta_2,0.8693606317043304
505,61,95th,beta_2,1.9448119580745693
506,62,95th,beta_2,11.482331848144531
507,63,95th,beta_2,4.102197217941284
508,64,95th,beta_2,1.62028466463089
509,65,95th,beta_2,2.1599605560302733
510,66,95th,beta_2,14.992278814315792
511,67,95th,beta_2,1.2019246101379393
512,68,95th,beta_2,2.522157371044159
513,69,95th,beta_2,2.9944590926170345
514,70,95th,beta_2,1.1313543379306794
515,71,95th,beta_2,29.214545440673824
516,72,95th,beta_2,1.4308772802352905
517,73,95th,beta_2,2.641559278964996
518,74,95th,beta_2,8.732560777664183
519,75,95th,beta_2,1.565936243534088
520,76,95th,beta_2,5.529299950599668
521,77,95th,beta_2,2.2341491222381586
522,78,95th,beta_2,2.6604333281517025
523,79,95th,beta_2,2.7807068467140197
524,80,95th,beta_2,2.0091417551040647
525,81,95th,beta_2,2.7267726778984063
526,82,95th,beta_2,4.410337829589843
527,83,95th,beta_2,2.4427993297576904
528,84,95th,beta_2,5.100383782386779
529,85,95th,beta_2,9.224773263931274
530,86,95th,beta_2,10.38501543998718
531,87,95th,beta_2,1.9420158863067625
532,88,95th,beta_2,3.540538787841797
533,89,95th,beta_2,2.1385653257369994
534,1,5th,bias_1,100.0
535,2,5th,bias_1,100.0
536,3,5th,bias_1,100.0
537,4,5th,bias_1,100.0
538,5,5th,bias_1,100.0
539,6,5th,bias_1,100.0
540,7,5th,bias_1,100.0
541,8,5th,bias_1,100.0
542,9,5th,bias_1,100.0
543,10,5th,bias_1,100.0
544,11,5th,bias_1,100.0
545,12,5th,bias_1,100.0
546,13,5th,bias_1,100.0
547,14,5th,bias_1,100.0
548,15,5th,bias_1,100.0
549,16,5th,bias_1,100.0
550,17,5th,bias_1,100.0
551,18,5th,bias_1,100.0
552,19,5th,bias_1,100.0
553,20,5th,bias_1,100.0
554,21,5th,bias_1,100.0
555,22,5th,bias_1,100.0
556,23,5th,bias_1,100.0
557,24,5th,bias_1,100.0
558,25,5th,bias_1,100.0
559,26,5th,bias_1,100.0
560,27,5th,bias_1,100.0
561,28,5th,bias_1,100.0
562,29,5th,bias_1,100.0
563,30,5th,bias_1,100.0
564,31,5th,bias_1,100.0
565,32,5th,bias_1,100.0
566,33,5th,bias_1,100.0
567,34,5th,bias_1,100.0
568,35,5th,bias_1,100.0
569,36,5th,bias_1,100.0
570,37,5th,bias_1,100.0
571,38,5th,bias_1,100.0
572,39,5th,bias_1,100.0
573,40,5th,bias_1,100.0
574,41,5th,bias_1,100.0
575,42,5th,bias_1,100.0
576,43,5th,bias_1,100.0
577,44,5th,bias_1,100.0
578,45,5th,bias_1,100.0
579,46,5th,bias_1,100.0
580,47,5th,bias_1,100.0
581,48,5th,bias_1,100.0
582,49,5th,bias_1,100.0
583,50,5th,bias_1,100.0
584,51,5th,bias_1,100.0
585,52,5th,bias_1,100.0
586,53,5th,bias_1,100.0
587,54,5th,bias_1,100.0
588,55,5th,bias_1,100.0
589,56,5th,bias_1,100.0
590,57,5th,bias_1,100.0
591,58,5th,bias_1,100.0
592,59,5th,bias_1,100.0
593,60,5th,bias_1,100.0
594,61,5th,bias_1,100.0
595,62,5th,bias_1,100.0
596,63,5th,bias_1,100.0
597,64,5th,bias_1,100.0
598,65,5th,bias_1,100.0
599,66,5th,bias_1,100.0
600,67,5th,bias_1,100.0
601,68,5th,bias_1,100.0
602,69,5th,bias_1,100.0
603,70,5th,bias_1,100.0
604,71,5th,bias_1,100.0
605,72,5th,bias_1,100.0
606,73,5th,bias_1,100.0
607,74,5th,bias_1,100.0
608,75,5th,bias_1,100.0
609,76,5th,bias_1,100.0
610,77,5th,bias_1,100.0
611,78,5th,bias_1,100.0
612,79,5th,bias_1,100.0
613,80,5th,bias_1,100.0
614,81,5th,bias_1,100.0
615,82,5th,bias_1,100.0
616,83,5th,bias_1,100.0
617,84,5th,bias_1,100.0
618,85,5th,bias_1,100.0
619,86,5th,bias_1,100.0
620,87,5th,bias_1,100.0
621,88,5th,bias_1,100.0
622,89,5th,bias_1,100.0
623,1,median,bias_1,100.0
624,2,median,bias_1,100.0
625,3,median,bias_1,100.0
626,4,median,bias_1,100.0
627,5,median,bias_1,100.0
628,6,median,bias_1,100.0
629,7,median,bias_1,100.0
630,8,median,bias_1,100.0
631,9,median,bias_1,100.0
632,10,median,bias_1,100.0
633,11,median,bias_1,100.0
634,12,median,bias_1,100.0
635,13,median,bias_1,100.0
636,14,median,bias_1,100.0
637,15,median,bias_1,100.0
638,16,median,bias_1,100.0
639,17,median,bias_1,100.0
640,18,median,bias_1,100.0
641,19,median,bias_1,100.0
642,20,median,bias_1,100.0
643,21,median,bias_1,100.0
644,22,median,bias_1,100.0
645,23,median,bias_1,100.0
646,24,median,bias_1,100.0
647,25,median,bias_1,100.0
648,26,median,bias_1,100.0
649,27,median,bias_1,100.0
650,28,median,bias_1,100.0
651,29,median,bias_1,100.0
652,30,median,bias_1,100.0
653,31,median,bias_1,100.0
654,32,median,bias_1,100.0
655,33,median,bias_1,100.0
656,34,median,bias_1,100.0
657,35,median,bias_1,100.0
658,36,median,bias_1,100.0
659,37,median,bias_1,100.0
660,38,median,bias_1,100.0
661,39,median,bias_1,100.0
662,40,median,bias_1,100.0
663,41,median,bias_1,100.0
664,42,median,bias_1,100.0
665,43,median,bias_1,100.0
666,44,median,bias_1,100.0
667,45,median,bias_1,100.0
668,46,median,bias_1,100.0
669,47,median,bias_1,100.0
670,48,median,bias_1,100.0
671,49,median,bias_1,100.0
672,50,median,bias_1,100.0
673,51,median,bias_1,100.0
674,52,median,bias_1,100.0
675,53,median,bias_1,100.0
676,54,median,bias_1,100.0
677,55,median,bias_1,100.0
678,56,median,bias_1,100.0
679,57,median,bias_1,100.0
680,58,median,bias_1,100.0
681,59,median,bias_1,100.0
682,60,median,bias_1,100.0
683,61,median,bias_1,100.0
684,62,median,bias_1,100.0
685,63,median,bias_1,100.0
686,64,median,bias_1,100.0
687,65,median,bias_1,100.0
688,66,median,bias_1,100.0
689,67,median,bias_1,100.0
690,68,median,bias_1,100.0
691,69,median,bias_1,100.0
692,70,median,bias_1,100.0
693,71,median,bias_1,100.0
694,72,median,bias_1,100.0
695,73,median,bias_1,100.0
696,74,median,bias_1,100.0
697,75,median,bias_1,100.0
698,76,median,bias_1,100.0
699,77,median,bias_1,100.0
700,78,median,bias_1,100.0
701,79,median,bias_1,100.0
702,80,median,bias_1,100.0
703,81,median,bias_1,100.0
704,82,median,bias_1,100.0
705,83,median,bias_1,100.0
706,84,median,bias_1,100.0
707,85,median,bias_1,100.0
708,86,median,bias_1,100.0
709,87,median,bias_1,100.0
710,88,median,bias_1,100.0
711,89,median,bias_1,100.0
712,1,95th,bias_1,100.0
713,2,95th,bias_1,100.0
714,3,95th,bias_1,100.0
715,4,95th,bias_1,100.0
716,5,95th,bias_1,100.0
717,6,95th,bias_1,100.0
718,7,95th,bias_1,100.0
719,8,95th,bias_1,100.0
720,9,95th,bias_1,100.0
721,10,95th,bias_1,100.0
722,11,95th,bias_1,100.0
723,12,95th,bias_1,100.0
724,13,95th,bias_1,100.0
725,14,95th,bias_1,100.0
726,15,95th,bias_1,100.0
727,16,95th,bias_1,100.0
728,17,95th,bias_1,100.0
729,18,95th,bias_1,100.0
730,19,95th,bias_1,100.0
731,20,95th,bias_1,100.0
732,21,95th,bias_1,100.0
733,22,95th,bias_1,100.0
734,23,95th,bias_1,100.0
735,24,95th,bias_1,100.0
736,25,95th,bias_1,100.0
737,26,95th,bias_1,100.0
738,27,95th,bias_1,100.0
739,28,95th,bias_1,100.0
740,29,95th,bias_1,100.0
741,30,95th,bias_1,100.0
742,31,95th,bias_1,100.0
743,32,95th,bias_1,100.0
744,33,95th,bias_1,100.0
745,34,95th,bias_1,100.0
746,35,95th,bias_1,100.0
747,36,95th,bias_1,100.0
748,37,95th,bias_1,100.0
749,38,95th,bias_1,100.0
750,39,95th,bias_1,100.0
751,40,95th,bias_1,100.0
752,41,95th,bias_1,100.0
753,42,95th,bias_1,100.0
754,43,95th,bias_1,100.0
755,44,95th,bias_1,100.0
756,45,95th,bias_1,100.0
757,46,95th,bias_1,100.0
758,47,95th,bias_1,100.0
759,48,95th,bias_1,100.0
760,49,95th,bias_1,100.0
761,50,95th,bias_1,100.0
762,51,95th,bias_1,100.0
763,52,95th,bias_1,100.0
764,53,95th,bias_1,100.0
765,54,95th,bias_1,100.0
766,55,95th,bias_1,100.0
767,56,95th,bias_1,100.0
768,57,95th,bias_1,100.0
769,58,95th,bias_1,100.0
770,59,95th,bias_1,100.0
771,60,95th,bias_1,100.0
772,61,95th,bias_1,100.0
773,62,95th,bias_1,100.0
774,63,95th,bias_1,100.0
775,64,95th,bias_1,100.0
776,65,95th,bias_1,100.0
777,66,95th,bias_1,100.0
778,67,95th,bias_1,100.0
779,68,95th,bias_1,100.0
780,69,95th,bias_1,100.0
781,70,95th,bias_1,100.0
782,71,95th,bias_1,100.0
783,72,95th,bias_1,100.0
784,73,95th,bias_1,100.0
785,74,95th,bias_1,100.0
786,75,95th,bias_1,100.0
787,76,95th,bias_1,100.0
788,77,95th,bias_1,100.0
789,78,95th,bias_1,100.0
790,79,95th,bias_1,100.0
791,80,95th,bias_1,100.0
792,81,95th,bias_1,100.0
793,82,95th,bias_1,100.0
794,83,95th,bias_1,100.0
795,84,95th,bias_1,100.0
796,85,95th,bias_1,100.0
797,86,95th,bias_1,100.0
798,87,95th,bias_1,100.0
799,88,95th,bias_1,100.0
800,89,95th,bias_1,100.0
801,1,5th,bias_2,-0.3794234573841095
802,2,5th,bias_2,1.2795135438442231
803,3,5th,bias_2,-0.47803909927606586
804,4,5th,bias_2,0.19540863186120985
805,5,5th,bias_2,0.20643330365419388
806,6,5th,bias_2,0.6611320853233338
807,7,5th,bias_2,0.5174982845783234
808,8,5th,bias_2,-0.2272659786045551
809,9,5th,bias_2,-0.3138006091117859
810,10,5th,bias_2,-0.048620350658893585
811,11,5th,bias_2,0.8800729990005494
812,12,5th,bias_2,0.28560517728328705
813,13,5th,bias_2,0.13844313770532607
814,14,5th,bias_2,0.30405190885066985
815,15,5th,bias_2,0.04792062342166901
816,16,5th,bias_2,0.5204495877027512
817,17,5th,bias_2,-0.12100261226296424
818,18,5th,bias_2,0.36045471429824827
819,19,5th,bias_2,0.8944959104061128
820,20,5th,bias_2,0.24560166448354723
821,21,5th,bias_2,0.7385881006717683
822,22,5th,bias_2,1.5716220259666445
823,23,5th,bias_2,0.047868499904870986
824,24,5th,bias_2,0.3242504954338074
825,25,5th,bias_2,-0.277237369120121
826,26,5th,bias_2,0.45962838679552076
827,27,5th,bias_2,-0.40713682174682614
828,28,5th,bias_2,-0.4706892132759094
829,29,5th,bias_2,-0.01813433468341827
830,30,5th,bias_2,0.8456438809633255
831,31,5th,bias_2,0.22934150323271751
832,32,5th,bias_2,0.11839564144611359
833,33,5th,bias_2,0.428544007241726
834,34,5th,bias_2,0.44236017018556595
835,35,5th,bias_2,0.30021641701459884
836,36,5th,bias_2,0.7930264949798584
837,37,5th,bias_2,0.9850789427757264
838,38,5th,bias_2,0.6121919572353364
839,39,5th,bias_2,0.33494893461465836
840,40,5th,bias_2,0.34195903837680813
841,41,5th,bias_2,0.2347038447856903
842,42,5th,bias_2,0.44311774820089345
843,43,5th,bias_2,0.06503407955169678
844,44,5th,bias_2,0.5648627042770386
845,45,5th,bias_2,0.33654958307743077
846,46,5th,bias_2,0.6758233696222306
847,47,5th,bias_2,-0.2643361255526543
848,48,5th,bias_2,0.44561654031276704
849,49,5th,bias_2,0.1799004577100277
850,50,5th,bias_2,0.17502190917730331
851,51,5th,bias_2,0.48598502278327943
852,52,5th,bias_2,0.30278921574354173
853,53,5th,bias_2,-0.5650773853063584
854,54,5th,bias_2,-0.003361012041568756
855,55,5th,bias_2,-0.2967999771237373
856,56,5th,bias_2,-0.14255298674106598
857,57,5th,bias_2,0.7864139586687089
858,58,5th,bias_2,0.6188315659761429
859,59,5th,bias_2,0.2470972001552582
860,60,5th,bias_2,0.3101054683327675
861,61,5th,bias_2,-0.22197686061263083
862,62,5th,bias_2,0.05358532816171648
863,63,5th,bias_2,0.29863872230052946
864,64,5th,bias_2,0.27025766372680665
865,65,5th,bias_2,1.015669220685959
866,66,5th,bias_2,0.05232090801000596
867,67,5th,bias_2,0.7912096470594406
868,68,5th,bias_2,0.1148937113583088
869,69,5th,bias_2,0.2827815115451813
870,70,5th,bias_2,0.2021134175360203
871,71,5th,bias_2,-0.5101453214883804
872,72,5th,bias_2,0.41231687664985656
873,73,5th,bias_2,0.8795958548784255
874,74,5th,bias_2,0.23449174910783768
875,75,5th,bias_2,0.9693031191825866
876,76,5th,bias_2,0.5010747537016869
877,77,5th,bias_2,0.2769450843334198
878,78,5th,bias_2,-0.19976570904254912
879,79,5th,bias_2,-0.09669321328401564
880,80,5th,bias_2,0.14030168280005456
881,81,5th,bias_2,0.510615473985672
882,82,5th,bias_2,0.4840392738580704
883,83,5th,bias_2,1.4661863923072815
884,84,5th,bias_2,0.16643960922956466
885,85,5th,bias_2,-0.11004019007086754
886,86,5th,bias_2,-0.16902327463030814
887,87,5th,bias_2,0.3595517262816429
888,88,5th,bias_2,0.025405116379261017
889,89,5th,bias_2,0.6066493630409241
890,1,median,bias_2,-0.19113429635763168
891,2,median,bias_2,1.553688883781433
892,3,median,bias_2,-0.27580684423446655
893,4,median,bias_2,0.39382269978523254
894,5,median,bias_2,0.39409977197647095
895,6,median,bias_2,0.8518226444721222
896,7,median,bias_2,0.7129577100276947
897,8,median,bias_2,-0.03443341702222824
898,9,median,bias_2,-0.1361992135643959
899,10,median,bias_2,0.16172664612531662
900,11,median,bias_2,1.1106653809547424
901,12,median,bias_2,0.47344906628131866
902,13,median,bias_2,0.3374933898448944
903,14,median,bias_2,0.5096145272254944
904,15,median,bias_2,0.24953550845384598
905,16,median,bias_2,0.7212013602256775
906,17,median,bias_2,0.06652113422751427
907,18,median,bias_2,0.5847835838794708
908,19,median,bias_2,1.1431608200073242
909,20,median,bias_2,0.4852084666490555
910,21,median,bias_2,0.9610144793987274
911,22,median,bias_2,1.8432741165161133
912,23,median,bias_2,0.24268827587366104
913,24,median,bias_2,0.5332857966423035
914,25,median,bias_2,-0.09333548694849014
915,26,median,bias_2,0.6628884375095367
916,27,median,bias_2,-0.20849456638097763
917,28,median,bias_2,-0.28059034049510956
918,29,median,bias_2,0.16436483711004257
919,30,median,bias_2,1.0812766551971436
920,31,median,bias_2,0.46722501516342163
921,32,median,bias_2,0.33734819293022156
922,33,median,bias_2,0.6589473187923431
923,34,median,bias_2,0.6852947473526001
924,35,median,bias_2,0.5355750024318695
925,36,median,bias_2,0.9784820675849915
926,37,median,bias_2,1.2285075187683105
927,38,median,bias_2,0.8356734812259674
928,39,median,bias_2,0.5445042252540588
929,40,median,bias_2,0.5546623766422272
930,41,median,bias_2,0.4531840682029724
931,42,median,bias_2,0.6581013202667236
932,43,median,bias_2,0.321273609995842
933,44,median,bias_2,0.7838916480541229
934,45,median,bias_2,0.5511777102947235
935,46,median,bias_2,0.9173348546028137
936,47,median,bias_2,-0.04779763147234917
937,48,median,bias_2,0.6740555763244629
938,49,median,bias_2,0.3822455257177353
939,50,median,bias_2,0.4006579965353012
940,51,median,bias_2,0.694561779499054
941,52,median,bias_2,0.4864390939474106
942,53,median,bias_2,-0.3614673763513565
943,54,median,bias_2,0.1748504564166069
944,55,median,bias_2,-0.09080057591199875
945,56,median,bias_2,0.09441958367824554
946,57,median,bias_2,1.0157603025436401
947,58,median,bias_2,0.8952678143978119
948,59,median,bias_2,0.4325118809938431
949,60,median,bias_2,0.5105102956295013
950,61,median,bias_2,-0.013957506977021694
951,62,median,bias_2,0.3326534777879715
952,63,median,bias_2,0.5559643507003784
953,64,median,bias_2,0.4816926568746567
954,65,median,bias_2,1.271765947341919
955,66,median,bias_2,0.4287593811750412
956,67,median,bias_2,1.0426582098007202
957,68,median,bias_2,0.35558584332466125
958,69,median,bias_2,0.5445164442062378
959,70,median,bias_2,0.4039100706577301
960,71,median,bias_2,-0.27969592809677124
961,72,median,bias_2,0.6244106590747833
962,73,median,bias_2,1.0988700985908508
963,74,median,bias_2,0.4642724096775055
964,75,median,bias_2,1.191044270992279
965,76,median,bias_2,0.7561105489730835
966,77,median,bias_2,0.4954211115837097
967,78,median,bias_2,-0.011137298308312893
968,79,median,bias_2,0.08852351829409599
969,80,median,bias_2,0.3383624106645584
970,81,median,bias_2,0.7342757880687714
971,82,median,bias_2,0.74970743060112
972,83,median,bias_2,1.7343522310256958
973,84,median,bias_2,0.3860822319984436
974,85,median,bias_2,0.09109484776854515
975,86,median,bias_2,0.0714162066578865
976,87,median,bias_2,0.550650417804718
977,88,median,bias_2,0.25232939422130585
978,89,median,bias_2,0.8302100598812103
979,1,95th,bias_2,-0.014596808701753632
980,2,95th,bias_2,1.8230881094932556
981,3,95th,bias_2,-0.07969901561737062
982,4,95th,bias_2,0.6182676374912262
983,5,95th,bias_2,0.5784737408161162
984,6,95th,bias_2,1.062205022573471
985,7,95th,bias_2,0.9140889853239058
986,8,95th,bias_2,0.15572769939899442
987,9,95th,bias_2,0.048839733004569924
988,10,95th,bias_2,0.3705247938632965
989,11,95th,bias_2,1.3391424357891084
990,12,95th,bias_2,0.6625278294086456
991,13,95th,bias_2,0.5373305022716521
992,14,95th,bias_2,0.7097378313541411
993,15,95th,bias_2,0.4561259329319
994,16,95th,bias_2,0.9318267792463302
995,17,95th,bias_2,0.24859797507524478
996,18,95th,bias_2,0.8333743274211883
997,19,95th,bias_2,1.3928977012634276
998,20,95th,bias_2,0.7145693898200988
999,21,95th,bias_2,1.1940712213516236
1000,22,95th,bias_2,2.116893172264099
1001,23,95th,bias_2,0.4489673644304275
1002,24,95th,bias_2,0.7425174802541731
1003,25,95th,bias_2,0.08772154152393338
1004,26,95th,bias_2,0.8788563907146454
1005,27,95th,bias_2,-0.016097481548786218
1006,28,95th,bias_2,-0.08384735435247422
1007,29,95th,bias_2,0.34011496901512145
1008,30,95th,bias_2,1.322890084981918
1009,31,95th,bias_2,0.7309427082538605
1010,32,95th,bias_2,0.5490301817655563
1011,33,95th,bias_2,0.8920798391103744
1012,34,95th,bias_2,0.9126840651035308
1013,35,95th,bias_2,0.7601000845432281
1014,36,95th,bias_2,1.1816874384880065
1015,37,95th,bias_2,1.455410611629486
1016,38,95th,bias_2,1.0515656769275665
1017,39,95th,bias_2,0.759128475189209
1018,40,95th,bias_2,0.7733108699321747
1019,41,95th,bias_2,0.6747174799442291
1020,42,95th,bias_2,0.8745771944522857
1021,43,95th,bias_2,0.5821899056434631
1022,44,95th,bias_2,1.0078590273857115
1023,45,95th,bias_2,0.7555812865495681
1024,46,95th,bias_2,1.1564377546310423
1025,47,95th,bias_2,0.14798750877380343
1026,48,95th,bias_2,0.8893878638744354
1027,49,95th,bias_2,0.5788223832845686
1028,50,95th,bias_2,0.5936017751693724
1029,51,95th,bias_2,0.9070320695638656
1030,52,95th,bias_2,0.6964499294757842
1031,53,95th,bias_2,-0.16025199219584466
1032,54,95th,bias_2,0.3490083873271942
1033,55,95th,bias_2,0.09977190941572187
1034,56,95th,bias_2,0.3112736910581589
1035,57,95th,bias_2,1.2364862918853758
1036,58,95th,bias_2,1.1852142512798307
1037,59,95th,bias_2,0.6239277422428131
1038,60,95th,bias_2,0.7141828000545501
1039,61,95th,bias_2,0.19347377642989158
1040,62,95th,bias_2,0.6138251096010208
1041,63,95th,bias_2,0.7961343139410016
1042,64,95th,bias_2,0.6948488295078278
1043,65,95th,bias_2,1.5136091470718385
1044,66,95th,bias_2,0.769800615310669
1045,67,95th,bias_2,1.2735545337200165
1046,68,95th,bias_2,0.5826248258352279
1047,69,95th,bias_2,0.7774695217609404
1048,70,95th,bias_2,0.6017346054315567
1049,71,95th,bias_2,-0.056005603075027485
1050,72,95th,bias_2,0.8292393863201142
1051,73,95th,bias_2,1.3092632591724396
1052,74,95th,bias_2,0.7089763939380646
1053,75,95th,bias_2,1.4132704257965087
1054,76,95th,bias_2,1.026747328042984
1055,77,95th,bias_2,0.7011517316102981
1056,78,95th,bias_2,0.19011462852358815
1057,79,95th,bias_2,0.29034442156553264
1058,80,95th,bias_2,0.5392737984657288
1059,81,95th,bias_2,0.9560858130455018
1060,82,95th,bias_2,0.9882246196269989
1061,83,95th,bias_2,2.02692357301712
1062,84,95th,bias_2,0.6101402282714844
1063,85,95th,bias_2,0.29412000179290765
1064,86,95th,bias_2,0.2954067081212997
1065,87,95th,bias_2,0.7709041833877563
1066,88,95th,bias_2,0.4882006391882896
1067,89,95th,bias_2,1.0434733152389526
1068,1,5th,gamma,0.9035145342350006
1069,2,5th,gamma,0.9120490759611131
1070,3,5th,gamma,0.9385901242494583
1071,4,5th,gamma,0.9467206865549087
1072,5,5th,gamma,0.9116963028907775
1073,6,5th,gamma,0.956128841638565
1074,7,5th,gamma,0.9428179860115051
1075,8,5th,gamma,0.9405650675296784
1076,9,5th,gamma,0.9004589438438416
1077,10,5th,gamma,0.9335634320974351
1078,11,5th,gamma,0.9058438092470169
1079,12,5th,gamma,0.9553431093692779
1080,13,5th,gamma,0.9429024189710618
1081,14,5th,gamma,0.9200983494520187
1082,15,5th,gamma,0.9328400820493697
1083,16,5th,gamma,0.9546569764614106
1084,17,5th,gamma,0.9164623320102692
1085,18,5th,gamma,0.9391068905591965
1086,19,5th,gamma,0.9665799587965012
1087,20,5th,gamma,0.902525681257248
1088,21,5th,gamma,0.9225625902414322
1089,22,5th,gamma,0.9222729831933976
1090,23,5th,gamma,0.9440457433462143
1091,24,5th,gamma,0.9378814727067948
1092,25,5th,gamma,0.9073269873857499
1093,26,5th,gamma,0.9552490383386611
1094,27,5th,gamma,0.9311339139938355
1095,28,5th,gamma,0.9171505630016327
1096,29,5th,gamma,0.9696203708648682
1097,30,5th,gamma,0.9666564553976059
1098,31,5th,gamma,0.9435629934072495
1099,32,5th,gamma,0.9476043283939362
1100,33,5th,gamma,0.9674154251813889
1101,34,5th,gamma,0.9239413946866989
1102,35,5th,gamma,0.9404381811618805
1103,36,5th,gamma,0.9586021453142166
1104,37,5th,gamma,0.8996260762214661
1105,38,5th,gamma,0.9414089500904084
1106,39,5th,gamma,0.8969809651374817
1107,40,5th,gamma,0.9694145411252975
1108,41,5th,gamma,0.9439749032258987
1109,42,5th,gamma,0.952684062719345
1110,43,5th,gamma,0.9259630590677261
1111,44,5th,gamma,0.9582446992397309
1112,45,5th,gamma,0.9660473704338073
1113,46,5th,gamma,0.9616018146276474
1114,47,5th,gamma,0.9278443962335586
1115,48,5th,gamma,0.959596648812294
1116,49,5th,gamma,0.9305307120084763
1117,50,5th,gamma,0.9427037596702575
1118,51,5th,gamma,0.9018048465251922
1119,52,5th,gamma,0.9322819858789444
1120,53,5th,gamma,0.9689041346311569
1121,54,5th,gamma,0.8182418823242187
1122,55,5th,gamma,0.9159989416599273
1123,56,5th,gamma,0.9707563310861588
1124,57,5th,gamma,0.9510485321283341
1125,58,5th,gamma,0.9498994916677475
1126,59,5th,gamma,0.9387418478727341
1127,60,5th,gamma,0.9557093888521194
1128,61,5th,gamma,0.9466071516275406
1129,62,5th,gamma,0.9672431796789169
1130,63,5th,gamma,0.9158431231975556
1131,64,5th,gamma,0.9075482487678528
1132,65,5th,gamma,0.9593776106834412
1133,66,5th,gamma,0.9709443509578705
1134,67,5th,gamma,0.954189446568489
1135,68,5th,gamma,0.9440628230571747
1136,69,5th,gamma,0.920459070801735
1137,70,5th,gamma,0.9546210318803787
1138,71,5th,gamma,0.9109503746032714
1139,72,5th,gamma,0.9363772749900818
1140,73,5th,gamma,0.8347082644701004
1141,74,5th,gamma,0.9552678585052491
1142,75,5th,gamma,0.9101219713687897
1143,76,5th,gamma,0.9521170765161514
1144,77,5th,gamma,0.8862116396427154
1145,78,5th,gamma,0.9465352386236191
1146,79,5th,gamma,0.88051395714283
1147,80,5th,gamma,0.9344061970710754
1148,81,5th,gamma,0.9304259300231934
1149,82,5th,gamma,0.9699346512556076
1150,83,5th,gamma,0.9741855263710022
1151,84,5th,gamma,0.9328063875436783
1152,85,5th,gamma,0.9649289578199387
1153,86,5th,gamma,0.8637977361679078
1154,87,5th,gamma,0.8764653503894806
1155,88,5th,gamma,0.9538891881704331
1156,89,5th,gamma,0.9680624723434449
1157,1,median,gamma,0.9802706241607666
1158,2,median,gamma,0.9794524908065796
1159,3,median,gamma,0.9817878603935242
1160,4,median,gamma,0.9846965670585632
1161,5,median,gamma,0.9775936603546143
1162,6,median,gamma,0.9892473518848419
1163,7,median,gamma,0.9830889403820038
1164,8,median,gamma,0.9783048629760742
1165,9,median,gamma,0.9786634743213654
1166,10,median,gamma,0.9839641153812408
1167,11,median,gamma,0.9795715510845184
1168,12,median,gamma,0.9889526069164276
1169,13,median,gamma,0.9848665595054626
1170,14,median,gamma,0.9817683100700378
1171,15,median,gamma,0.9831745326519012
1172,16,median,gamma,0.9887426793575287
1173,17,median,gamma,0.9839644134044647
1174,18,median,gamma,0.9873524606227875
1175,19,median,gamma,0.9896047115325928
1176,20,median,gamma,0.9771267771720886
1177,21,median,gamma,0.9801815152168274
1178,22,median,gamma,0.9822099208831787
1179,23,median,gamma,0.9832888245582581
1180,24,median,gamma,0.9845099747180939
1181,25,median,gamma,0.9797360002994537
1182,26,median,gamma,0.985983818769455
1183,27,median,gamma,0.9848750233650208
1184,28,median,gamma,0.9801555871963501
1185,29,median,gamma,0.9915406405925751
1186,30,median,gamma,0.9905987977981567
1187,31,median,gamma,0.9821812510490417
1188,32,median,gamma,0.9867523312568665
1189,33,median,gamma,0.9895602762699127
1190,34,median,gamma,0.9838846027851105
1191,35,median,gamma,0.9838352203369141
1192,36,median,gamma,0.9893707931041718
1193,37,median,gamma,0.9789218008518219
1194,38,median,gamma,0.9858177900314331
1195,39,median,gamma,0.976433277130127
1196,40,median,gamma,0.9910889267921448
1197,41,median,gamma,0.985031396150589
1198,42,median,gamma,0.9884161949157715
1199,43,median,gamma,0.9838834404945374
1200,44,median,gamma,0.9887827038764954
1201,45,median,gamma,0.9889531433582306
1202,46,median,gamma,0.9889660775661469
1203,47,median,gamma,0.9834194779396057
1204,48,median,gamma,0.9894145727157593
1205,49,median,gamma,0.9841827750205994
1206,50,median,gamma,0.985964447259903
1207,51,median,gamma,0.9719092547893524
1208,52,median,gamma,0.9832152724266052
1209,53,median,gamma,0.9918034374713898
1210,54,median,gamma,0.9492888152599335
1211,55,median,gamma,0.9822967648506165
1212,56,median,gamma,0.9909428954124451
1213,57,median,gamma,0.9855669140815735
1214,58,median,gamma,0.984912782907486
1215,59,median,gamma,0.983976811170578
1216,60,median,gamma,0.9887465238571167
1217,61,median,gamma,0.9853563904762268
1218,62,median,gamma,0.9908076524734497
1219,63,median,gamma,0.9810881614685059
1220,64,median,gamma,0.9812755286693573
1221,65,median,gamma,0.9892363250255585
1222,66,median,gamma,0.9917543828487396
1223,67,median,gamma,0.9879625737667084
1224,68,median,gamma,0.9835635423660278
1225,69,median,gamma,0.9795587360858917
1226,70,median,gamma,0.9881287813186646
1227,71,median,gamma,0.9574875235557556
1228,72,median,gamma,0.9822835326194763
1229,73,median,gamma,0.9647658467292786
1230,74,median,gamma,0.987793356180191
1231,75,median,gamma,0.977728396654129
1232,76,median,gamma,0.9866892099380493
1233,77,median,gamma,0.9795942008495331
1234,78,median,gamma,0.9842140078544617
1235,79,median,gamma,0.9765022695064545
1236,80,median,gamma,0.9872957766056061
1237,81,median,gamma,0.9814348816871643
1238,82,median,gamma,0.9900467097759247
1239,83,median,gamma,0.9918408393859863
1240,84,median,gamma,0.9867163896560669
1241,85,median,gamma,0.9883467555046082
1242,86,median,gamma,0.9642722308635712
1243,87,median,gamma,0.9724731743335724
1244,88,median,gamma,0.9880407154560089
1245,89,median,gamma,0.9906347692012787
1246,1,95th,gamma,0.9961080729961396
1247,2,95th,gamma,0.9956288576126099
1248,3,95th,gamma,0.994799017906189
1249,4,95th,gamma,0.9961708128452301
1250,5,95th,gamma,0.9950234234333039
1251,6,95th,gamma,0.997613924741745
1252,7,95th,gamma,0.995876920223236
1253,8,95th,gamma,0.9930084317922592
1254,9,95th,gamma,0.9955048829317092
1255,10,95th,gamma,0.9961398512125016
1256,11,95th,gamma,0.9950546652078628
1257,12,95th,gamma,0.9972337633371353
1258,13,95th,gamma,0.9962445229291916
1259,14,95th,gamma,0.9963818460702896
1260,15,95th,gamma,0.9967315077781678
1261,16,95th,gamma,0.9970620274543762
1262,17,95th,gamma,0.9968018472194671
1263,18,95th,gamma,0.9973669707775117
1264,19,95th,gamma,0.9969571024179459
1265,20,95th,gamma,0.9944977045059203
1266,21,95th,gamma,0.995877805352211
1267,22,95th,gamma,0.9961763381958008
1268,23,95th,gamma,0.9955605953931809
1269,24,95th,gamma,0.9963114112615585
1270,25,95th,gamma,0.9954747796058655
1271,26,95th,gamma,0.9957111299037933
1272,27,95th,gamma,0.9968500256538391
1273,28,95th,gamma,0.9948353230953216
1274,29,95th,gamma,0.9975379943847656
1275,30,95th,gamma,0.9969297260046005
1276,31,95th,gamma,0.9946439862251282
1277,32,95th,gamma,0.9974001586437226
1278,33,95th,gamma,0.9967030704021455
1279,34,95th,gamma,0.9968679994344711
1280,35,95th,gamma,0.9959475219249725
1281,36,95th,gamma,0.9972976565361023
1282,37,95th,gamma,0.9955008685588836
1283,38,95th,gamma,0.9965136170387269
1284,39,95th,gamma,0.9949601650238038
1285,40,95th,gamma,0.9972443372011184
1286,41,95th,gamma,0.9964266210794449
1287,42,95th,gamma,0.9971430689096451
1288,43,95th,gamma,0.996972593665123
1289,44,95th,gamma,0.9972233384847641
1290,45,95th,gamma,0.996537658572197
1291,46,95th,gamma,0.9968549579381942
1292,47,95th,gamma,0.9958299756050111
1293,48,95th,gamma,0.9975029587745666
1294,49,95th,gamma,0.9965691596269608
1295,50,95th,gamma,0.9960041254758836
1296,51,95th,gamma,0.9929961591958999
1297,52,95th,gamma,0.9959502637386322
1298,53,95th,gamma,0.9980026125907898
1299,54,95th,gamma,0.987464439868927
1300,55,95th,gamma,0.9965845108032226
1301,56,95th,gamma,0.9973157674074173
1302,57,95th,gamma,0.9955533742904663
1303,58,95th,gamma,0.9960523664951325
1304,59,95th,gamma,0.996082878112793
1305,60,95th,gamma,0.9973177909851074
1306,61,95th,gamma,0.9959658712148666
1307,62,95th,gamma,0.9971563398838044
1308,63,95th,gamma,0.9960303544998169
1309,64,95th,gamma,0.9954966455698013
1310,65,95th,gamma,0.997320032119751
1311,66,95th,gamma,0.997577890753746
1312,67,95th,gamma,0.9972961336374283
1313,68,95th,gamma,0.9952359288930893
1314,69,95th,gamma,0.9949767172336578
1315,70,95th,gamma,0.9967056065797806
1316,71,95th,gamma,0.98092600107193
1317,72,95th,gamma,0.9954629659652711
1318,73,95th,gamma,0.9942826628684998
1319,74,95th,gamma,0.9968020617961884
1320,75,95th,gamma,0.9951954931020737
1321,76,95th,gamma,0.9964882850646972
1322,77,95th,gamma,0.9958978503942489
1323,78,95th,gamma,0.9952720046043396
1324,79,95th,gamma,0.9957152724266052
1325,80,95th,gamma,0.9974748462438583
1326,81,95th,gamma,0.9952440619468689
1327,82,95th,gamma,0.9968056499958038
1328,83,95th,gamma,0.9971929490566254
1329,84,95th,gamma,0.9974981635808945
1330,85,95th,gamma,0.9962485015392304
1331,86,95th,gamma,0.9902916222810745
1332,87,95th,gamma,0.9943158268928528
1333,88,95th,gamma,0.9970981031656265
1334,89,95th,gamma,0.997365614771843
1335,1,5th,kappa,0.6830137968063354
1336,2,5th,kappa,0.9152925431728363
1337,3,5th,kappa,0.7590504050254823
1338,4,5th,kappa,0.7006916016340257
1339,5,5th,kappa,0.7820121556520462
1340,6,5th,kappa,1.0329975664615632
1341,7,5th,kappa,0.4778387278318405
1342,8,5th,kappa,0.5558129101991653
1343,9,5th,kappa,0.7024198055267334
1344,10,5th,kappa,0.6450100243091583
1345,11,5th,kappa,0.872675609588623
1346,12,5th,kappa,0.9970217734575272
1347,13,5th,kappa,0.627183535695076
1348,14,5th,kappa,0.9630406767129898
1349,15,5th,kappa,0.9303492963314057
1350,16,5th,kappa,0.5616107016801833
1351,17,5th,kappa,0.8582473695278168
1352,18,5th,kappa,0.6642283380031585
1353,19,5th,kappa,0.5472905397415161
1354,20,5th,kappa,0.5570936292409897
1355,21,5th,kappa,1.0201526224613189
1356,22,5th,kappa,1.0889374136924745
1357,23,5th,kappa,0.7049962401390076
1358,24,5th,kappa,0.5236838310956955
1359,25,5th,kappa,0.9227115541696549
1360,26,5th,kappa,0.7821217805147171
1361,27,5th,kappa,0.44427550584077835
1362,28,5th,kappa,0.9285246729850769
1363,29,5th,kappa,0.8095572650432586
1364,30,5th,kappa,1.086913824081421
1365,31,5th,kappa,0.5734673500061035
1366,32,5th,kappa,0.6834496319293977
1367,33,5th,kappa,0.6507168024778366
1368,34,5th,kappa,0.8512603580951691
1369,35,5th,kappa,0.6424977272748947
1370,36,5th,kappa,1.0722902953624724
1371,37,5th,kappa,0.5892410188913346
1372,38,5th,kappa,0.6687099575996399
1373,39,5th,kappa,0.7520165741443634
1374,40,5th,kappa,0.5147633284330368
1375,41,5th,kappa,0.6406379610300065
1376,42,5th,kappa,1.0059568464756012
1377,43,5th,kappa,0.6890232026576996
1378,44,5th,kappa,1.0353750050067902
1379,45,5th,kappa,0.6053795129060745
1380,46,5th,kappa,0.6012554317712784
1381,47,5th,kappa,0.988222312927246
1382,48,5th,kappa,1.0179526388645173
1383,49,5th,kappa,0.7530151039361954
1384,50,5th,kappa,0.9070907682180405
1385,51,5th,kappa,0.6717206776142121
1386,52,5th,kappa,1.0293645858764648
1387,53,5th,kappa,0.5411371022462844
1388,54,5th,kappa,0.6486457139253616
1389,55,5th,kappa,0.8811647444963455
1390,56,5th,kappa,0.6310968816280365
1391,57,5th,kappa,0.7706379801034927
1392,58,5th,kappa,0.7455627977848054
1393,59,5th,kappa,0.9741262704133988
1394,60,5th,kappa,0.8410995781421662
1395,61,5th,kappa,0.8077637791633606
1396,62,5th,kappa,0.563958078622818
1397,63,5th,kappa,0.7053965061903
1398,64,5th,kappa,0.9758694380521774
1399,65,5th,kappa,0.9582793653011322
1400,66,5th,kappa,0.43684808313846585
1401,67,5th,kappa,1.089783501625061
1402,68,5th,kappa,0.6873237311840058
1403,69,5th,kappa,0.6750746965408325
1404,70,5th,kappa,0.7587960243225098
1405,71,5th,kappa,0.540157875418663
1406,72,5th,kappa,0.8891577541828155
1407,73,5th,kappa,0.5631841480731964
1408,74,5th,kappa,0.5041918963193893
1409,75,5th,kappa,0.8895499140024185
1410,76,5th,kappa,0.610328522324562
1411,77,5th,kappa,0.9509230345487594
1412,78,5th,kappa,0.7740660250186919
1413,79,5th,kappa,0.5745615363121033
1414,80,5th,kappa,0.5579737037420273
1415,81,5th,kappa,0.8138537913560867
1416,82,5th,kappa,0.8471843719482421
1417,83,5th,kappa,1.1486433982849122
1418,84,5th,kappa,0.6727090716361999
1419,85,5th,kappa,0.513267907500267
1420,86,5th,kappa,0.547208434343338
1421,87,5th,kappa,0.6529033690690995
1422,88,5th,kappa,0.6371235847473145
1423,89,5th,kappa,1.2914523482322693
1424,1,median,kappa,1.091785728931427
1425,2,median,kappa,1.2963772416114807
1426,3,median,kappa,1.1409144401550293
1427,4,median,kappa,0.95029217004776
1428,5,median,kappa,1.2748008370399475
1429,6,median,kappa,1.4844954013824463
1430,7,median,kappa,0.5987918376922607
1431,8,median,kappa,0.6485040485858917
1432,9,median,kappa,1.0211626887321472
1433,10,median,kappa,0.8828770518302917
1434,11,median,kappa,1.294162929058075
1435,12,median,kappa,1.39797705411911
1436,13,median,kappa,0.776810348033905
1437,14,median,kappa,1.3440438508987427
1438,15,median,kappa,1.3206369280815125
1439,16,median,kappa,0.866467148065567
1440,17,median,kappa,1.2497662901878357
1441,18,median,kappa,0.8869711458683014
1442,19,median,kappa,0.6545242965221405
1443,20,median,kappa,0.7252074182033539
1444,21,median,kappa,1.4071213006973267
1445,22,median,kappa,1.472348153591156
1446,23,median,kappa,0.9558976590633392
1447,24,median,kappa,0.9778300821781158
1448,25,median,kappa,1.3301787376403809
1449,26,median,kappa,1.1035398244857788
1450,27,median,kappa,0.7731565833091736
1451,28,median,kappa,1.2130528688430786
1452,29,median,kappa,1.1673689484596252
1453,30,median,kappa,1.478583037853241
1454,31,median,kappa,0.7471327483654022
1455,32,median,kappa,0.8301088511943817
1456,33,median,kappa,0.831360250711441
1457,34,median,kappa,1.2781627774238586
1458,35,median,kappa,0.9613930881023407
1459,36,median,kappa,1.454740047454834
1460,37,median,kappa,0.8610484898090363
1461,38,median,kappa,1.0595433712005615
1462,39,median,kappa,1.16031152009964
1463,40,median,kappa,0.58216193318367
1464,41,median,kappa,0.9535535871982574
1465,42,median,kappa,1.4773319959640503
1466,43,median,kappa,1.021147906780243
1467,44,median,kappa,1.4633345007896423
1468,45,median,kappa,0.7376797199249268
1469,46,median,kappa,1.00255686044693
1470,47,median,kappa,1.3273840546607971
1471,48,median,kappa,1.3757737278938293
1472,49,median,kappa,1.0367032289505005
1473,50,median,kappa,1.2400058507919312
1474,51,median,kappa,0.9703488945960999
1475,52,median,kappa,1.3463525176048279
1476,53,median,kappa,0.5815190076828003
1477,54,median,kappa,0.8397881090641022
1478,55,median,kappa,1.3408048748970032
1479,56,median,kappa,0.7644218504428864
1480,57,median,kappa,1.142285406589508
1481,58,median,kappa,1.004048228263855
1482,59,median,kappa,1.326452612876892
1483,60,median,kappa,1.294334053993225
1484,61,median,kappa,1.2329363822937012
1485,62,median,kappa,0.680834949016571
1486,63,median,kappa,0.8855788111686707
1487,64,median,kappa,1.2713690400123596
1488,65,median,kappa,1.380780279636383
1489,66,median,kappa,0.5175546705722809
1490,67,median,kappa,1.4166085720062256
1491,68,median,kappa,0.9845170676708221
1492,69,median,kappa,1.0792639255523682
1493,70,median,kappa,1.231053650379181
1494,71,median,kappa,0.5915751159191132
1495,72,median,kappa,1.2648791670799255
1496,73,median,kappa,0.8007124662399292
1497,74,median,kappa,0.5980682671070099
1498,75,median,kappa,1.3496695756912231
1499,76,median,kappa,0.7732592821121216
1500,77,median,kappa,1.300057053565979
1501,78,median,kappa,1.0881796479225159
1502,79,median,kappa,0.8153991401195526
1503,80,median,kappa,0.8738166093826294
1504,81,median,kappa,1.2287184596061707
1505,82,median,kappa,1.239271342754364
1506,83,median,kappa,1.525793194770813
1507,84,median,kappa,0.8463006615638733
1508,85,median,kappa,0.6433984637260437
1509,86,median,kappa,0.6776098310947418
1510,87,median,kappa,1.0109817385673523
1511,88,median,kappa,0.8837873339653015
1512,89,median,kappa,1.619515836238861
1513,1,95th,kappa,1.4439433813095093
1514,2,95th,kappa,1.5889771938323973
1515,3,95th,kappa,1.4870840311050415
1516,4,95th,kappa,1.1847095429897307
1517,5,95th,kappa,1.6455958247184754
1518,6,95th,kappa,1.7751411080360413
1519,7,95th,kappa,0.7274642646312711
1520,8,95th,kappa,0.7395454943180084
1521,9,95th,kappa,1.3426787853240967
1522,10,95th,kappa,1.1348647594451904
1523,11,95th,kappa,1.6389656364917755
1524,12,95th,kappa,1.6766967833042143
1525,13,95th,kappa,0.9525206565856934
1526,14,95th,kappa,1.6343922853469848
1527,15,95th,kappa,1.6499480605125427
1528,16,95th,kappa,1.1856286704540253
1529,17,95th,kappa,1.555497074127197
1530,18,95th,kappa,1.1047354996204375
1531,19,95th,kappa,0.7649645268917084
1532,20,95th,kappa,0.9135340720415115
1533,21,95th,kappa,1.682030403614044
1534,22,95th,kappa,1.7476817131042481
1535,23,95th,kappa,1.1938041746616364
1536,24,95th,kappa,1.4610257863998408
1537,25,95th,kappa,1.6405519008636475
1538,26,95th,kappa,1.4015415370464324
1539,27,95th,kappa,1.186405086517334
1540,28,95th,kappa,1.455654215812683
1541,29,95th,kappa,1.494718164205551
1542,30,95th,kappa,1.7532377898693086
1543,31,95th,kappa,0.9403447329998015
1544,32,95th,kappa,1.003575325012207
1545,33,95th,kappa,1.0339722752571106
1546,34,95th,kappa,1.6281638741493225
1547,35,95th,kappa,1.286275815963745
1548,36,95th,kappa,1.7037621021270752
1549,37,95th,kappa,1.157390135526657
1550,38,95th,kappa,1.4289020836353301
1551,39,95th,kappa,1.480194103717804
1552,40,95th,kappa,0.6559849709272384
1553,41,95th,kappa,1.2459778428077697
1554,42,95th,kappa,1.7716004490852353
1555,43,95th,kappa,1.3154677927494047
1556,44,95th,kappa,1.7471145689487457
1557,45,95th,kappa,0.8670867294073104
1558,46,95th,kappa,1.4120967209339141
1559,47,95th,kappa,1.5882287621498108
1560,48,95th,kappa,1.6286719918251038
1561,49,95th,kappa,1.319462567567825
1562,50,95th,kappa,1.5506150066852569
1563,51,95th,kappa,1.269103318452835
1564,52,95th,kappa,1.5835898578166963
1565,53,95th,kappa,0.6211351364850998
1566,54,95th,kappa,1.0627029478549956
1567,55,95th,kappa,1.66005237698555
1568,56,95th,kappa,0.9093586951494216
1569,57,95th,kappa,1.5052446365356447
1570,58,95th,kappa,1.2673525989055634
1571,59,95th,kappa,1.5999805092811585
1572,60,95th,kappa,1.6570943892002103
1573,61,95th,kappa,1.5440372467041015
1574,62,95th,kappa,0.8098708212375642
1575,63,95th,kappa,1.0612100303173064
1576,64,95th,kappa,1.5198769807815553
1577,65,95th,kappa,1.7026623189449308
1578,66,95th,kappa,0.615259128808975
1579,67,95th,kappa,1.6605273067951203
1580,68,95th,kappa,1.2904949963092802
1581,69,95th,kappa,1.450758194923401
1582,70,95th,kappa,1.6001918733119964
1583,71,95th,kappa,0.6523954123258591
1584,72,95th,kappa,1.5683149218559265
1585,73,95th,kappa,1.0837796032428741
1586,74,95th,kappa,0.6911010205745696
1587,75,95th,kappa,1.6737136244773865
1588,76,95th,kappa,0.9581460148096085
1589,77,95th,kappa,1.558766394853592
1590,78,95th,kappa,1.3843870162963867
1591,79,95th,kappa,1.0952136993408201
1592,80,95th,kappa,1.1963344812393188
1593,81,95th,kappa,1.5527450323104857
1594,82,95th,kappa,1.5536818861961366
1595,83,95th,kappa,1.7821077644824983
1596,84,95th,kappa,1.0372009992599485
1597,85,95th,kappa,0.8055824428796767
1598,86,95th,kappa,0.8223953932523728
1599,87,95th,kappa,1.364073860645294
1600,88,95th,kappa,1.126859664916992
1601,89,95th,kappa,1.8023324251174926
